{"type": "Feature", "properties": {"name": "Greece", "source": "Natural Earth 10m admin_0 countries (public domain)", "simplify_tolerance_deg": 0.005, "coastal_buffer_km": 3.0, "supplementary_islands": ["Kastellorizo", "Othonoi", "Ereikoussa", "Mathraki", "Strofades", "Agathonisi", "Arki", "Lipsi", "Pserimos", "Koufonisia", "Fournoi", "Oinousses"]}, "geometry": {"type": "MultiPolygon", "coordinates": [[[[24.14637836590636, 34.88283991368905], [24.155105239721813, 34.866564866173086], [24.15054247293249, 34.84086676088751], [24.16030000154271, 34.824984738978095], [24.16220758692906, 34.81440594115338], [24.15712416297401, 34.799246904185104], [24.14434656247424, 34.78963594552426], [24.09868089314798, 34.79148644049523], [24.031610191093645, 34.826535643749615], [24.020627542250427, 34.841179193441235], [24.019976227205646, 34.860603255534386], [24.027496466711483, 34.8745023230533], [24.073167516925565, 34.894874735824594], [24.131906057506903, 34.88946208541926], [24.14637836590636, 34.88283991368905]]], [[[23.244917005763806, 35.906858733764814], [23.247958998944142, 35.91692183517976], [23.256741737969815, 35.92663281959198], [23.266449660375812, 35.93066716900121], [23.276962488782182, 35.9306802646054], [23.34787522879481, 35.88573625491555], [23.354692679838827, 35.87728653840693], [23.357622536171238, 35.86683229095983], [23.36020302339078, 35.8284606144366], [23.353818046809035, 35.811740382123624], [23.33836686551719, 35.80270738199987], [23.323023798899737, 35.804240593889084], [23.27872215925095, 35.83860773830496], [23.247981906541856, 35.891519296638556], [23.244917005763806, 35.906858733764814]]], [[[22.912836926049327, 36.15655964740286], [22.886962171569156, 36.190032715744096], [22.882385107161504, 36.200154878901216], [22.888895653347372, 36.282737427470096], [22.87486487592607, 36.34153693972786], [22.879423020002456, 36.353603789182806], [22.925719754913455, 36.40862909507451], [22.936678055947905, 36.4151514438033], [22.949408220817748, 36.415905298489655], [22.976497416735132, 36.40139432156632], [23.030079357864082, 36.32882468615747], [23.096269162543205, 36.289491214728514], [23.12641710860664, 36.25194272132127], [23.130638098022988, 36.23424730739183], [23.12606451597671, 36.22194889500735], [23.1185166083904, 36.2145989152775], [23.08434090816984, 36.20354883586971], [23.077865444790422, 36.137232627554425], [23.071206034103042, 36.12592491044736], [23.059995574763462, 36.1191030471922], [23.019321253993837, 36.12081962186226], [22.99728210513655, 36.11088854073866], [22.98393804053208, 36.110951365138654], [22.972259982285756, 36.1174082190683], [22.96444137756466, 36.1311427144648], [22.938133536096856, 36.14057464046904], [22.926418080854457, 36.151182502871045], [22.912836926049327, 36.15655964740286]]], [[[24.30053133822396, 36.724963059304095], [24.304417758945164, 36.734588589000374], [24.33321022750124, 36.77080301799565], [24.345791664353396, 36.77955858319868], [24.363582135223567, 36.77925928860831], [24.382549572122546, 36.76647837377531], [24.38736235602853, 36.77705509072423], [24.40222955376701, 36.79109502086332], [24.418574208791345, 36.79796068227808], [24.42874848536036, 36.79664091007037], [24.47548083248873, 36.77611515808125], [24.507212189280875, 36.787341604550384], [24.49480923757219, 36.81176278959084], [24.497580368499417, 36.83040138789831], [24.51791980757612, 36.85761065678585], [24.55817944467192, 36.87235699636725], [24.58539386935212, 36.86552109337574], [24.60538620163911, 36.86930911816602], [24.61706672750235, 36.86421517872476], [24.633717617052824, 36.844487318991725], [24.634685302824433, 36.831134406227804], [24.630313887191374, 36.820555326324], [24.681730871905014, 36.79636726299983], [24.688923550897, 36.78845469485884], [24.69247282599319, 36.7783677720397], [24.691819899610383, 36.76769457885274], [24.680704455944035, 36.73411270350957], [24.670347736255156, 36.7259514791739], [24.65073334778257, 36.720975104627264], [24.64032910211542, 36.72068176206651], [24.63058967459117, 36.72435299200487], [24.590111830002066, 36.76130407868395], [24.572967762536663, 36.7549931587373], [24.572885655958345, 36.686087162250374], [24.568278796786462, 36.67351957352943], [24.555720363279413, 36.66362501614612], [24.487461668399693, 36.638428844693046], [24.36905898919281, 36.636158906276385], [24.33266536891233, 36.624599749288784], [24.314519402898338, 36.627058739898324], [24.30466663155001, 36.63585739585558], [24.300178733317356, 36.6482812527185], [24.30053133822396, 36.724963059304095]]], [[[23.84977119252879, 36.843526339743136], [23.852797787883567, 36.85610444953891], [23.86133728901325, 36.86582278509251], [23.873421756462093, 36.87044174297867], [23.883781791712746, 36.86970264826369], [23.9109671416274, 36.84991850842183], [23.915765980658026, 36.83750179810766], [23.914907375451026, 36.82684690464223], [23.909974006440887, 36.81736398168194], [23.90174204344329, 36.810544983011525], [23.889533048317166, 36.80590900411302], [23.876446665458623, 36.806559669280084], [23.86186479767326, 36.81739419844883], [23.851836407616556, 36.83334736739649], [23.84977119252879, 36.843526339743136]]], [[[23.422829365791994, 36.930952766807515], [23.426749185686415, 36.94324110724386], [23.438229654550156, 36.95352295293349], [23.45087415039025, 36.956069523889525], [23.46325380305181, 36.9524484054624], [23.491493024418165, 36.91826368203152], [23.494212693033706, 36.90507298848736], [23.49020969917339, 36.892213477077185], [23.482786780582664, 36.884346735097225], [23.469742150307315, 36.87769441827478], [23.459221317547467, 36.877454036864506], [23.449410564986856, 36.881261245734215], [23.441805897818867, 36.88853549775399], [23.426235531427228, 36.91592227939752], [23.422829365791994, 36.930952766807515]]], [[[24.39753965626203, 37.163492502437364], [24.409723448268263, 37.18051500795357], [24.409942816653185, 37.19139945128463], [24.41569896650038, 37.20285156732809], [24.455808802403272, 37.22598825403873], [24.46732811992634, 37.22902680083484], [24.527169288000202, 37.23004064738506], [24.541844457638177, 37.22040070559974], [24.55794061616254, 37.1931760657695], [24.558245740876938, 37.12247989126735], [24.5476135763972, 37.1078685902841], [24.53372951952136, 37.10322630649478], [24.51213571293, 37.08716920164018], [24.502301135205105, 37.08364604151792], [24.484591257229177, 37.087096090468805], [24.473753980240957, 37.09877998333984], [24.459834405333492, 37.09736292546094], [24.44137963418319, 37.10462863772267], [24.428181700657436, 37.097617453083544], [24.414882227322614, 37.09812966708176], [24.40005637861061, 37.109106687516764], [24.393254743992955, 37.12807686581331], [24.392346895103245, 37.138732623081246], [24.39753965626203, 37.163492502437364]]], [[[21.00687537607555, 37.233401373831995], [20.99312462392445, 37.233401373831995], [20.98340137383199, 37.24312462392445], [20.98340137383199, 37.25687537607555], [20.99312462392445, 37.266598626168005], [21.00687537607555, 37.266598626168005], [21.01659862616801, 37.25687537607555], [21.01659862616801, 37.24312462392445], [21.00687537607555, 37.233401373831995]]], [[[23.527890264200725, 37.31087921030636], [23.503038472798433, 37.29378789839239], [23.375351307827064, 37.2757520464812], [23.364713330196157, 37.27748508460134], [23.355605269375577, 37.28324817555066], [23.347465093189577, 37.29997173509829], [23.3484881803417, 37.317335966265574], [23.35717422267352, 37.330342124737186], [23.455658716265873, 37.38306921279848], [23.586873295192273, 37.39786471287269], [23.597250360970488, 37.395909655548884], [23.60607960733973, 37.39011740625729], [23.612005455530735, 37.38137726515305], [23.61411809357749, 37.371031130426104], [23.612093162280622, 37.36066747293718], [23.606241554978084, 37.351877453865434], [23.558004151144527, 37.32493878456198], [23.534790672516113, 37.32289066475027], [23.527890264200725, 37.31087921030636]]], [[[24.34912636995977, 37.39262878907459], [24.342346510212078, 37.403465382112174], [24.34103596401506, 37.41364288589422], [24.352984409915898, 37.45421895439942], [24.41948876539496, 37.50814128862246], [24.431086916891786, 37.513464097721396], [24.45151897908519, 37.51279490592164], [24.464528117859217, 37.504102477295106], [24.4705155668345, 37.489647496774964], [24.470531976516916, 37.470254782556], [24.46677360266485, 37.45859262734518], [24.487735489404905, 37.44723748796095], [24.50448734026137, 37.42825058395175], [24.50930096348665, 37.41659607349204], [24.501157047408853, 37.3773824021063], [24.48951459707307, 37.36654785606725], [24.475458010262717, 37.3639987541018], [24.468832520155097, 37.3401229003867], [24.46275612320387, 37.3307880086643], [24.42471029492872, 37.3003086006351], [24.371296931750692, 37.28277769089393], [24.351698705656496, 37.28800369443439], [24.341295437553043, 37.30541557520046], [24.342431661927918, 37.318236689668154], [24.363002517593202, 37.37578851947226], [24.36153544858124, 37.38578491616428], [24.34912636995977, 37.39262878907459]]], [[[24.30169572867201, 37.69801829262669], [24.32491979064063, 37.71037033439726], [24.348177361254695, 37.70834164343312], [24.3591654063524, 37.71187825735327], [24.38320666269693, 37.71185839531283], [24.392737280754734, 37.70634732402977], [24.424088228146225, 37.67190190933075], [24.429458858390696, 37.655113226924016], [24.421463897751607, 37.616553563588674], [24.41522695416941, 37.60602176293156], [24.33012784047879, 37.51742948404258], [24.30571139563042, 37.50169437758879], [24.29284854937275, 37.49875978495887], [24.2620867085318, 37.508253329648895], [24.25022269287913, 37.52207569521041], [24.251149348742004, 37.62366348289517], [24.267667758878588, 37.66138020649968], [24.29452407910153, 37.6853402799437], [24.30169572867201, 37.69801829262669]]], [[[23.41135815101827, 37.71964131453921], [23.39761159973212, 37.76374003926318], [23.402787412002365, 37.78251634707461], [23.416659262506627, 37.7936278014926], [23.54745157517079, 37.80131803062871], [23.57714721929761, 37.7912924995518], [23.588668121368507, 37.77695683002577], [23.588310112711383, 37.758568941754184], [23.572878378204, 37.737007915265885], [23.568887187853562, 37.718994532450324], [23.55617059637537, 37.70812891690957], [23.55147225189321, 37.68475456433675], [23.546676217465016, 37.67559904862206], [23.536459220764563, 37.66776560615171], [23.492527126548953, 37.65324868312821], [23.47435982322658, 37.65374834431326], [23.440743307868722, 37.67123869333759], [23.43108750956904, 37.686478814766616], [23.43283838837218, 37.70354213537922], [23.41135815101827, 37.71964131453921]]], [[[20.592642715109527, 37.86191946611696], [20.593741615089804, 37.87240428916112], [20.5987787481133, 37.88166530348665], [20.670841007139447, 37.952061584817216], [20.68551719617614, 37.956540572151624], [20.7191338499398, 37.95020738910547], [20.73149657410247, 37.94006857090316], [20.766028673284172, 37.87828767259374], [20.78062501319088, 37.871469754082746], [20.814410709330332, 37.87592418769563], [20.86244735468914, 37.860370443110064], [20.904840334717676, 37.8332174321326], [20.93660690225845, 37.78601093725041], [21.003635542537207, 37.75095012682557], [21.011638900437003, 37.7404033775891], [21.022081204026687, 37.707293518113076], [21.021182564120068, 37.68881887224226], [21.010923518305994, 37.67661773834299], [20.992877335908684, 37.672561213399554], [20.945120346724497, 37.69804270140285], [20.8997129812035, 37.70525426067016], [20.875674247014906, 37.69003124013715], [20.879419316933983, 37.66708911162621], [20.871561632948517, 37.642547276645544], [20.863342157569672, 37.631989941428], [20.84837051121607, 37.62639942403591], [20.805727570668484, 37.62625451071397], [20.685765060024952, 37.71883890975811], [20.679792900679487, 37.727262033680354], [20.67673146021448, 37.7415061662126], [20.62671453542198, 37.78886620616144], [20.599189695830667, 37.805081440818796], [20.592823088163712, 37.818841596247445], [20.5978307542027, 37.84840843261889], [20.592642715109527, 37.86191946611696]]], [[[20.427342890881036, 38.390298198376925], [20.44414594298449, 38.384349720827366], [20.463426055053837, 38.35840859372873], [20.4775296033807, 38.35432880136372], [20.486964797833522, 38.34463088987417], [20.506706741881292, 38.35551440385809], [20.510947687265006, 38.37147191089688], [20.504005414754715, 38.39306655655167], [20.50643375356458, 38.40325799396388], [20.513784627377273, 38.41278285105077], [20.51090044512253, 38.428152114124906], [20.51576013553855, 38.45634460241674], [20.511270675803537, 38.469045072782265], [20.51139636566297, 38.47947982279254], [20.520784535887607, 38.49486591930395], [20.535149693629755, 38.50076554774274], [20.57437659471005, 38.50076872456204], [20.584256831369355, 38.49783531462865], [20.593770803964603, 38.489517503491626], [20.60499337537616, 38.504117444688035], [20.61451547482445, 38.50787967566215], [20.625950628536167, 38.5075196230254], [20.63699542886425, 38.52237399459017], [20.650801562276804, 38.52855648750535], [20.678364197637247, 38.52370412127299], [20.689732914307214, 38.51773792747755], [20.697860835724438, 38.504726544366704], [20.700672193458857, 38.48081136257691], [20.725449460335433, 38.46794385373309], [20.73453350390022, 38.455206317480545], [20.735010621221672, 38.439568637462926], [20.72463469028791, 38.41747859285297], [20.771739836459577, 38.3944057404518], [20.77948862952256, 38.38710515404995], [20.783805529238435, 38.37737341563449], [20.783409710836313, 38.364120927360766], [20.777615004764932, 38.3536445966926], [20.787556475386722, 38.343013043772864], [20.79063133524973, 38.330512], [20.78942057226972, 38.31507797502704], [20.78425782535402, 38.305660917679944], [20.768151962115194, 38.296488956105335], [20.72148300020038, 38.2887493586073], [20.70723151218022, 38.29053455392687], [20.717301827866567, 38.2773357673883], [20.73097553082065, 38.24437800677398], [20.770757777940275, 38.21542224117577], [20.785328467909792, 38.1850309685187], [20.82235947820902, 38.14216164687552], [20.834651081288918, 38.0973634928576], [20.815681492025018, 38.0492090722277], [20.799589322647126, 38.039607118741564], [20.765355947614076, 38.04253826571874], [20.73745165428815, 38.03573638636886], [20.72683847486763, 38.03631043524612], [20.704907618809244, 38.043002704727236], [20.668176552081842, 38.07386403339975], [20.611982529796357, 38.09231101153135], [20.59679785749698, 38.09035854273832], [20.57840177916691, 38.06696483938385], [20.568510379040333, 38.063604621160785], [20.558084286918, 38.06425843002224], [20.500403447629218, 38.085517987266805], [20.490719942296444, 38.09172894229645], [20.472322036249665, 38.1117808463807], [20.463756147685558, 38.14930870726867], [20.45159627299566, 38.16919013499958], [20.440072998983723, 38.1527369650559], [20.38209155473436, 38.1249286501339], [20.364185608363474, 38.1300203356459], [20.35691468917839, 38.13798990287269], [20.35238706199872, 38.149279413268914], [20.327407056763636, 38.16204132692473], [20.320986630847706, 38.170676475012236], [20.31361515038617, 38.191248316091055], [20.313013695893144, 38.20716999930831], [20.32752998689295, 38.23245783472101], [20.324623916869147, 38.245800428954134], [20.32778523269187, 38.25858225944845], [20.357315749341954, 38.28977186474906], [20.36588219754152, 38.30774482485808], [20.37532076028091, 38.375103178369145], [20.383608833969785, 38.385538885274684], [20.393245383358774, 38.390192483273225], [20.40393329474885, 38.39072877477642], [20.414218411019107, 38.386905255015186], [20.427342890881036, 38.390298198376925]], [[20.6497994250694, 38.3155152600131], [20.634517723552666, 38.29916530395867], [20.64303780589073, 38.28704699762032], [20.667800142034306, 38.305248534557485], [20.677477218985988, 38.30874421576473], [20.66517149618375, 38.322156638647634], [20.661070521820356, 38.33969109667104], [20.652829550151914, 38.34791999904717], [20.65299308486121, 38.326046296016635], [20.6497994250694, 38.3155152600131]]], [[[20.15062333341359, 39.61032825628653], [20.079464084128393, 39.647592308360366], [19.986431535444773, 39.67013568412757], [19.97848542791048, 39.67707914781482], [19.973814662490994, 39.686541508160886], [19.973135368059864, 39.69707198165444], [19.976551695074697, 39.70705602004832], [19.98572940651625, 39.71646299920373], [20.004277912730913, 39.725634485391325], [20.020054733059048, 39.72805511563121], [20.09857087873221, 39.70812066525993], [20.182748840872936, 39.667605764980436], [20.1900443485341, 39.68262641002512], [20.197642066678483, 39.68982604043039], [20.21002227257336, 39.693911667223006], [20.223324630411245, 39.6928112371812], [20.231087694169364, 39.704924891992086], [20.266186849768474, 39.727742727511746], [20.24962267788991, 39.753224398626564], [20.248966237399372, 39.76351914258039], [20.253769299919796, 39.77709149202551], [20.246071675104922, 39.79555819404695], [20.250120964127298, 39.81072032612495], [20.26215990940639, 39.82414976209664], [20.273012305138916, 39.82999877233979], [20.298622458152035, 39.8323747045955], [20.365689073774618, 39.81404504599283], [20.368851238235848, 39.820289283093544], [20.32745162014469, 39.87538876610194], [20.2940810630401, 39.90590612945314], [20.271430494188618, 39.98191964755424], [20.27220698073896, 39.99500518311209], [20.279065492969753, 40.00617635056132], [20.292958348324834, 40.013403962196655], [20.35860369497951, 40.01923585474806], [20.380589591714383, 40.06348521058451], [20.424385972973607, 40.089414776832506], [20.463027732700862, 40.08813641615785], [20.498899965074997, 40.09838905112865], [20.57350201604381, 40.09448968310007], [20.627772041093486, 40.11531382054478], [20.64010579086609, 40.14158524458872], [20.63353148187847, 40.17647264939077], [20.635666448175034, 40.189657796739034], [20.643870291915846, 40.200198344142244], [20.66487106111556, 40.21116918135822], [20.6697455532367, 40.221595493792584], [20.672203909540833, 40.279511879769736], [20.67561212152698, 40.291530424591876], [20.682051305543133, 40.29921651837606], [20.716390205615696, 40.32248798503275], [20.74351766680591, 40.36977481975215], [20.74384492993617, 40.42477236905504], [20.750145673724546, 40.43946743343979], [20.75861280444632, 40.44609016844243], [20.79109611598288, 40.45855841501461], [20.80840130570852, 40.48463384247115], [20.832288031834363, 40.497461618774075], [20.84446652502979, 40.498215453685745], [20.907494067696597, 40.487620468825845], [20.916611016241156, 40.492368177978385], [20.93820602040235, 40.53331430078657], [20.96704659943825, 40.54674459042469], [20.99366919500602, 40.572224076957355], [21.007265599942397, 40.65477761307948], [20.997327533679982, 40.67348798306836], [20.94276559367427, 40.718859173902366], [20.92002717218921, 40.75231657983549], [20.91690098477855, 40.7620846329269], [20.91946713965458, 40.77713409445863], [20.937154758108115, 40.79564443038644], [20.939928763563945, 40.80530772411719], [20.940013382591253, 40.85881599497713], [20.947474787165568, 40.86963953605082], [20.95661532575195, 40.874918531236645], [21.10867144535815, 40.880797245030855], [21.182490178778295, 40.89711198807486], [21.293204259311185, 40.88808704005973], [21.33306359494894, 40.89790654592645], [21.369887542836135, 40.924935161364985], [21.40426584448208, 40.935556248395244], [21.517114949371063, 40.92635868624466], [21.563716659369017, 40.896178162174124], [21.575240845600955, 40.89447096709483], [21.61124351584663, 40.91828922944625], [21.62951684290543, 40.921716651810804], [21.635325436332174, 40.93437645426153], [21.643239529847435, 40.94145754509936], [21.676299370746555, 40.95346067138179], [21.686954603150127, 40.95488047486474], [21.73704677203125, 40.94648614411182], [21.753578546845784, 40.949241246736385], [21.757771965740925, 40.97146614576532], [21.76379273949609, 40.98231665703086], [21.814680748264305, 41.01495827518778], [21.868536127401235, 41.0664738988571], [21.872602701536263, 41.09228804729952], [21.892904893526275, 41.119047587673], [21.956290691736964, 41.1498335502819], [22.018054290125402, 41.16373338462365], [22.04262258892032, 41.17822313956772], [22.058441233276543, 41.17678110542763], [22.077833066721322, 41.16025448655052], [22.101574437538968, 41.15110210246842], [22.152347585952025, 41.17764738232967], [22.205224686778923, 41.18835904328978], [22.309697505109746, 41.17151125229819], [22.321472647033733, 41.16478566780673], [22.32823141867919, 41.15388524473859], [22.38283112077253, 41.15851893125519], [22.42754453842, 41.14142338813097], [22.450809893762987, 41.14065318353444], [22.57975005981648, 41.151318015905005], [22.59997168682059, 41.167519833571696], [22.60443350671146, 41.18734943296237], [22.610210756245607, 41.19604953280872], [22.618861824181856, 41.20189994929635], [22.639063891406817, 41.20661409732195], [22.657275363014996, 41.203977309456484], [22.699996950671206, 41.1754253136157], [22.709951783419548, 41.20837199282011], [22.71418327449043, 41.287367428992916], [22.726629657257046, 41.32604441088303], [22.736399471014852, 41.33765831811095], [22.774958544022102, 41.36116522271757], [22.828653529110554, 41.36781303680385], [23.115349738943436, 41.339737465135286], [23.150943803906838, 41.342849750932835], [23.177316823509834, 41.353206023409385], [23.18701950537997, 41.38302178815299], [23.210985157945277, 41.402486962009306], [23.28739016238613, 41.42514549613006], [23.30183116552652, 41.42114834025717], [23.333970088409664, 41.39708468103153], [23.415112592261842, 41.42684579715674], [23.515960313812204, 41.42452079396148], [23.584405658229866, 41.39879901796366], [23.60605917944981, 41.398164013548744], [23.667357651007553, 41.429466911760954], [23.74175940243625, 41.427988298928405], [23.757696623379847, 41.447770982091924], [23.76598504498319, 41.453608040141404], [23.84269441307523, 41.46554908209114], [23.88869405811143, 41.490592740063846], [23.9041679910275, 41.489612333493305], [23.955404248001578, 41.464856632764224], [23.99209678620886, 41.48966405732107], [24.00514177035013, 41.49072376095398], [24.02338925658896, 41.48439880485781], [24.021093325508144, 41.531814369846366], [24.027268191951716, 41.543709091886555], [24.035902965232648, 41.55013331653161], [24.075652864980693, 41.56295179189887], [24.12031331858531, 41.560059891704896], [24.158293070812448, 41.55086507312346], [24.17008087612539, 41.5617235329274], [24.23073945543297, 41.588634317988074], [24.250779261035348, 41.59040831593989], [24.263173453726317, 41.587372383662505], [24.30319348821954, 41.56143952029226], [24.313121093016843, 41.543780259579215], [24.42620643782553, 41.553647595698095], [24.441396933135533, 41.56972967287162], [24.45043563680932, 41.57498726309127], [24.503913975907903, 41.58786505035942], [24.51774154563994, 41.58751149953685], [24.55343445902906, 41.56237829614535], [24.572850095732818, 41.50122577112843], [24.60182657861216, 41.47738744420958], [24.606974989368894, 41.467610597960565], [24.607899075719356, 41.45621998755867], [24.650756213959887, 41.4538210062232], [24.660338398325823, 41.44932061012889], [24.667885260801388, 41.44065492612188], [24.711280852708306, 41.43303331688494], [24.776167025833686, 41.38133643725605], [24.778483413877538, 41.40324354937693], [24.784362240003446, 41.41187022554276], [24.793078425137104, 41.4176155066503], [24.89235374390032, 41.426902950370526], [25.083269881458147, 41.361560070393615], [25.111178390113928, 41.36193730060975], [25.13256386309565, 41.343105558243344], [25.192546006868312, 41.31594524975402], [25.23550909309647, 41.27213768390088], [25.245361433761705, 41.26765722676666], [25.282901628488407, 41.26644996786561], [25.447060762228862, 41.306604570866085], [25.494194653568307, 41.30749874729945], [25.523643524545097, 41.33504324339056], [25.547478954577073, 41.34231856620259], [25.64366984009179, 41.3377349115191], [25.67863625145028, 41.32614317239276], [25.711799549160812, 41.34046407919377], [25.756185428016128, 41.34535377903681], [25.802226663700257, 41.366520792671565], [25.81300934160363, 41.367919291451514], [25.884683325273073, 41.333042518964504], [25.919003805548403, 41.34289275822439], [25.954451087396325, 41.342097338872904], [26.01432364798962, 41.36754015753365], [26.104138391176075, 41.38236755673609], [26.141547450755088, 41.44230829897889], [26.12410429233791, 41.46215669427711], [26.118972333094135, 41.47648701028794], [26.122423551418468, 41.49131212596128], [26.133412673474822, 41.504958226665536], [26.13537476837179, 41.5230947769592], [26.11701517725096, 41.52974486737446], [26.107862944808186, 41.5391812952482], [26.10447638544775, 41.54917832540086], [26.10349608867346, 41.57660235597477], [26.095123877795984, 41.59556972094883], [26.052622450814404, 41.61264890591389], [26.033372908119954, 41.63271103881284], [26.028468207785853, 41.64419128648276], [26.02116214230841, 41.68967483822915], [26.024477695126052, 41.70204614236907], [26.043358526958983, 41.72808933723724], [26.10042985980857, 41.75364946338741], [26.180216658756628, 41.760924339985614], [26.205521298814993, 41.77667988153297], [26.2327701252518, 41.775806652761915], [26.282704984801185, 41.74184633524973], [26.364710707306646, 41.741359226954174], [26.41363420907799, 41.717362857422124], [26.487079899161067, 41.7003779841445], [26.495651279734922, 41.69437011710434], [26.502125805120958, 41.68305433012019], [26.502961810306292, 41.672620532794], [26.499168529763214, 41.660967219108144], [26.570152790116975, 41.62452628784339], [26.581391167543615, 41.63543291864357], [26.596615125825323, 41.639372610748936], [26.611446110177624, 41.63414461086464], [26.62083424642728, 41.62152902616133], [26.629196540548804, 41.58655152638803], [26.623705453469597, 41.54456344949393], [26.632280457945367, 41.52946802878378], [26.663024038421725, 41.40369682732041], [26.65545377613254, 41.34472844403764], [26.6288284959005, 41.311700503931604], [26.620360553312363, 41.30594652984907], [26.610357551206835, 41.30376611284875], [26.565109354577626, 41.307033340353655], [26.542220780793716, 41.318850281202494], [26.504612751417216, 41.28867632609893], [26.423414428045735, 41.24123383303696], [26.36284902092205, 41.23138015265572], [26.350023982075975, 41.18842751783061], [26.362388170387224, 41.158268297609375], [26.36204683433279, 41.145493161184206], [26.35687305473715, 41.135016580685814], [26.363999301761496, 41.12562472365332], [26.366323637021072, 41.112397156823654], [26.363349814232325, 41.102029959249364], [26.351305216006057, 41.08345904162155], [26.36505387094101, 41.06324642584483], [26.385958074173754, 41.0553807569726], [26.394333159306644, 41.04903518790958], [26.40111134089244, 41.03220354463132], [26.39239100074001, 40.99609119766365], [26.378831547170297, 40.982989646920515], [26.385873903155105, 40.96769230460548], [26.383196089264786, 40.952629633227076], [26.37491308880779, 40.94286677147491], [26.32993342236287, 40.916280841935], [26.32888030868054, 40.898659070488776], [26.318765973812017, 40.88648105456209], [26.30888728161709, 40.88252541986113], [26.28442692984985, 40.88036291529249], [26.26944951190637, 40.88351915591524], [26.257262419322092, 40.86566699635098], [26.242175248194577, 40.85891734353085], [26.238254988685565, 40.85352780155666], [26.23755585280995, 40.838810891514655], [26.230789569388847, 40.82808975673273], [26.178871253542862, 40.79346367281958], [26.152613000390225, 40.74716314559535], [26.126290584516646, 40.723945659805175], [26.08820009436188, 40.70942464276984], [26.039170616607937, 40.71194993712172], [26.026928087015563, 40.71758280118352], [26.018943520880164, 40.72843892351096], [26.00525255341962, 40.77548986401392], [25.989469252265376, 40.78255684361852], [25.979936587092308, 40.79672668760106], [25.941423619084937, 40.82021026500631], [25.920451903885862, 40.82493700944769], [25.895889881919068, 40.81797761354097], [25.802467154487644, 40.82945189745012], [25.729399830416334, 40.82494728435564], [25.60576453678876, 40.84848725005074], [25.569853176814487, 40.838610680582995], [25.533244973738956, 40.843862446653986], [25.4784825457783, 40.871068687359895], [25.41104444539109, 40.88087341216886], [25.332032682666977, 40.916129721553745], [25.30554760986219, 40.92264647218899], [25.279905905794337, 40.90374829228393], [25.26674054971118, 40.89996471841777], [25.172824645000304, 40.91691341434372], [25.114808737629115, 40.94400184829397], [25.107228774108922, 40.96019179408372], [25.11158908228542, 40.982017145508706], [25.064790330908643, 40.980120045216395], [25.055067413732374, 40.96752772500143], [25.025650609746435, 40.95397282803168], [25.021531631142086, 40.9351004483994], [25.00285868686707, 40.91857478828886], [24.993071731138624, 40.91538029533008], [24.958581261859862, 40.91431698906984], [24.904721775133826, 40.89643474658542], [24.81812325876044, 40.83185715235487], [24.806329183811588, 40.826859548390985], [24.79605120503138, 40.827179377691735], [24.764624060233384, 40.83743016493291], [24.704564564294987, 40.82512982077871], [24.676114113629986, 40.835561019059014], [24.664834529962935, 40.84928475596609], [24.63811542366466, 40.83334701535717], [24.61994238460705, 40.83309205865117], [24.60894583721064, 40.84022756104325], [24.574768635481025, 40.88485361252299], [24.56930599500982, 40.89961817615461], [24.553671362911132, 40.91094156171712], [24.546600879098836, 40.927656632929555], [24.5070502398135, 40.93401258388471], [24.488502548912102, 40.928322292515915], [24.47886023316128, 40.918585838009484], [24.468947381740918, 40.91463418546009], [24.441782127244796, 40.92013361047259], [24.40628083990641, 40.91211676702308], [24.38819596253676, 40.89240900643092], [24.35682899658133, 40.87409685700105], [24.358068215351366, 40.85182758561904], [24.3650405162935, 40.84278487477869], [24.367575103625814, 40.82977687372145], [24.36489356428131, 40.8194787005944], [24.356336706710277, 40.809358798768834], [24.116920589383028, 40.70177435435513], [24.07242095676499, 40.69448097085202], [23.98071004335471, 40.70580908551545], [23.866530753342804, 40.75161800574575], [23.840867214686202, 40.75618948907157], [23.815214069760533, 40.753897702791356], [23.74571504319092, 40.72830076906775], [23.72163461154683, 40.70715988936544], [23.71972909523536, 40.697779273905454], [23.722816853225417, 40.68985230162687], [23.7315517303345, 40.68251327964104], [23.773283107505055, 40.66601610668368], [23.8114080219509, 40.60863191303134], [23.852126265077708, 40.587782237461795], [23.889145980190683, 40.59073565446801], [23.899018410105906, 40.5887433280327], [23.93928193543487, 40.55033823976045], [23.941824091491224, 40.523665941054034], [23.93759386841176, 40.51412235054622], [23.930054205000314, 40.506902351742546], [23.912318960175906, 40.49891116634276], [23.84737519548252, 40.491755550383154], [23.850904871231215, 40.474560794553156], [23.885096638150042, 40.43514025101921], [23.924526160020267, 40.41501881564554], [23.964211892317664, 40.40690105559265], [23.975252638209813, 40.4088808564776], [23.96432822441504, 40.432338403171755], [23.964535066966146, 40.45145056975796], [23.969365536089377, 40.463464838250026], [23.97695938392714, 40.47056479220497], [23.986675654174892, 40.47426208359436], [24.012166231732028, 40.47610255365808], [24.022669923260963, 40.47364553678756], [24.033088011695924, 40.46516619694834], [24.072884209929175, 40.41123977479961], [24.099349029619916, 40.38973670230022], [24.10858666456033, 40.38628897648696], [24.12317356483581, 40.39161193280177], [24.13295117723679, 40.39174720880035], [24.18933740157646, 40.376736247730754], [24.200228501577087, 40.36915542332211], [24.218078881672387, 40.34408797322052], [24.23905688057638, 40.3432318655531], [24.25072029023446, 40.33753495605739], [24.33862836747415, 40.24812805890641], [24.40204564120421, 40.19851714209507], [24.419741448934875, 40.15982612775305], [24.420093111496396, 40.14654218885803], [24.41405397481336, 40.1347051483813], [24.37293506803536, 40.10818292196468], [24.294219331577587, 40.10175212383888], [24.277634633324855, 40.113011132333256], [24.26498684392418, 40.14145067209525], [24.218864841496007, 40.1683204149617], [24.15251499440324, 40.252596474467424], [24.121296599461612, 40.2639431558771], [24.009099663085845, 40.28551348127207], [23.927623606546952, 40.338762625633], [23.836697576568703, 40.34479570764967], [23.76485546515891, 40.322754491692486], [23.738251530097216, 40.32792600822329], [23.72251299642663, 40.31004440800725], [23.737615430902924, 40.27418236199142], [23.775681528998195, 40.25171324439562], [23.795361373140587, 40.225493062591894], [23.872733213625732, 40.1994903033495], [23.90756594718994, 40.19601081449642], [23.952117053901258, 40.16635405597064], [23.994274768166296, 40.153686294986564], [24.01429260246043, 40.13264888985222], [24.018129091660725, 40.117211660262534], [24.010897130586773, 40.097623001870446], [24.02447955721296, 40.08571636052987], [24.030200873146224, 40.076467653589766], [24.03132828778156, 40.06212604232136], [24.037721601179943, 40.05076397648604], [24.04599760454988, 40.01330094601374], [24.040171813985005, 39.99935836867831], [24.02368565073624, 39.98480170504348], [24.02526704647444, 39.97018232104886], [24.018171335249733, 39.95612884560359], [24.014833976324066, 39.94060895594795], [24.007861430790715, 39.93240003744606], [23.99823115697976, 39.92757711711587], [23.91072118152573, 39.93095216839491], [23.901518223332086, 39.93646308849841], [23.895377384246405, 39.94477519010199], [23.88116462584307, 39.9525549245757], [23.873706150411934, 39.97124549335961], [23.841926284458268, 39.98664131501897], [23.824565674428992, 39.981990026321476], [23.81012487895514, 39.98758512775586], [23.76173446931889, 40.05389498289832], [23.758218578940347, 40.06698402524038], [23.761166797242183, 40.08087821605858], [23.74273093934395, 40.10989749317286], [23.659167574651175, 40.196019475546784], [23.634041199462622, 40.20906854463568], [23.534938851235516, 40.21836608882128], [23.47582939486079, 40.243808229520425], [23.436169849510126, 40.252150337857096], [23.404900499838714, 40.25101085232731], [23.382714581307656, 40.24032449714494], [23.365965863258598, 40.217636851283935], [23.36533304535107, 40.21257534458046], [23.382362007173672, 40.174540279350865], [23.408039168569626, 40.169903110294314], [23.417959670739965, 40.16463912218668], [23.514425654362864, 40.06499052805497], [23.610477821030162, 40.024454573086686], [23.684800973135292, 40.008758512573294], [23.69488333803716, 39.99701803164765], [23.70044633985012, 39.97489909459213], [23.71028832438397, 39.96539500850014], [23.755703942830447, 39.956280159602365], [23.766995172354083, 39.94949884069065], [23.774356315240908, 39.93559243495931], [23.77361556374961, 39.92244217117618], [23.768539473256055, 39.913164402204565], [23.760284172978963, 39.90655428048675], [23.70253974505268, 39.88572226163805], [23.61054696105551, 39.897034715353264], [23.46494217036532, 39.945226668440974], [23.44695426507569, 39.947535020504226], [23.362166733463578, 39.934181896568404], [23.346727425021314, 39.937985094672214], [23.33736328810989, 39.94744624140992], [23.3337194104268, 39.96292392587572], [23.35125461423759, 40.00235895244], [23.33076106971677, 40.040949807719386], [23.2850421108604, 40.087436222796455], [23.279578936935792, 40.09877995224871], [23.279865162390223, 40.11136742785765], [23.29701817559546, 40.17623519769303], [23.29316586205871, 40.19929525935057], [23.282868269257555, 40.212424676990956], [23.164418504315265, 40.252029150145844], [23.14870931540161, 40.249486618146996], [23.138036007232476, 40.251788360714485], [23.08635876516704, 40.281104873970584], [23.016870793366344, 40.30175911549885], [23.00882233020277, 40.30805196718136], [22.992253131469518, 40.33099431691057], [22.95346672141321, 40.35427952107699], [22.924948909800225, 40.36136095693756], [22.881784390460503, 40.36012198854001], [22.872213138081023, 40.3645982598465], [22.865098555428535, 40.37241033963373], [22.86127911001328, 40.38766011871925], [22.866833202737148, 40.40372008108195], [22.79916149204213, 40.4872548342087], [22.795153714902224, 40.50719648747644], [22.80226065588898, 40.52088570118079], [22.81319881988759, 40.52774116710461], [22.930217930608222, 40.54289449054385], [22.945325861075965, 40.555800081838925], [22.92024095654564, 40.57110079098503], [22.914861511622778, 40.585422898702824], [22.91923477035468, 40.60319723799115], [22.91436263702918, 40.61107047953748], [22.901959593537995, 40.618356168500384], [22.88800383533569, 40.619722484298855], [22.87156565612697, 40.57648226317083], [22.828477738076696, 40.54677455885173], [22.815894953428003, 40.54367468625673], [22.78237960152452, 40.54979546511942], [22.777897237370937, 40.54746214240909], [22.772760038434793, 40.53867423816608], [22.777078771994763, 40.52610328774111], [22.776319583672162, 40.51562317133393], [22.771610294125825, 40.50622999302272], [22.763666823478037, 40.49935173155015], [22.74679271218131, 40.49035249684265], [22.724950206345795, 40.484686620187105], [22.700533089606257, 40.48677412783536], [22.69246447751415, 40.47538157070349], [22.67868365548934, 40.46933716167027], [22.67128135433088, 40.45537556545831], [22.66106239807671, 40.44791632351855], [22.64856554594271, 40.44594248361079], [22.630238860710044, 40.449061257606026], [22.632361490436978, 40.426575011788835], [22.652755551675742, 40.40840897543353], [22.669449621286645, 40.40403111846205], [22.6780428912887, 40.39788698459811], [22.684422141392883, 40.38638046723952], [22.687882593667897, 40.365689288320176], [22.683302249512447, 40.35370764913854], [22.644705051237327, 40.29794280716645], [22.615112140038132, 40.21847842573256], [22.578530088963177, 40.15755095881354], [22.577280951034233, 40.14759250492426], [22.598807768975384, 40.0952274857187], [22.59902002079822, 40.06945526718763], [22.609476476646503, 40.0607249879963], [22.621593400329644, 40.03474146888407], [22.678599747791157, 39.99899096004626], [22.718526402248077, 39.98611790255904], [22.72719391303587, 39.98014097042671], [22.733763327203867, 39.968792392561646], [22.73663893922302, 39.94027565485709], [22.752062966401134, 39.903597629058254], [22.81806308050373, 39.86127264211013], [22.87124198790314, 39.80743884818461], [22.89696615039734, 39.725648282404634], [22.959536978120106, 39.6007339589773], [23.115755107721007, 39.521529493283666], [23.146643246520675, 39.471847003977985], [23.230649926119465, 39.397727516895586], [23.24403914974995, 39.37709976399967], [23.292809615281772, 39.339221166733715], [23.316346557403246, 39.28138021288168], [23.3680458791795, 39.20056349637718], [23.370608749990822, 39.17729526801522], [23.36463807803595, 39.16259145420499], [23.314035508198057, 39.12761350377511], [23.25687828330027, 39.11432504197939], [23.247010584487516, 39.09705861703196], [23.210544104169735, 39.07851429346932], [23.172889847733614, 39.079379641625266], [23.11919813708988, 39.06159113630105], [23.08750903046045, 39.065199390912234], [23.09560895505642, 39.057271166088285], [23.09991284015079, 39.04507504843658], [23.09891849957332, 39.028590753014406], [23.092275007436925, 39.01736703673858], [23.12143005511583, 39.032072905325975], [23.194725309816683, 39.035735031880975], [23.290476181867785, 39.06800499819958], [23.306625001498613, 39.0683394734766], [23.341219583633915, 39.046765014271585], [23.387488432274665, 39.03208339654091], [23.40591898392231, 39.01314883964443], [23.408502836021132, 38.99991592705403], [23.405686980921974, 38.98904871981114], [23.43628500858491, 38.97908510387489], [23.444746644323164, 38.97332627139786], [23.451338517578645, 38.96241206041288], [23.474849801418166, 38.887602747823465], [23.49644691163628, 38.861137314690986], [23.537730211437164, 38.84676068389887], [23.57824133342012, 38.819390224064264], [23.60629384415849, 38.8132363903331], [23.632281004131052, 38.79024643397869], [23.658925340583007, 38.78366184891761], [23.67003590460464, 38.78726043077399], [23.683079030858796, 38.78528892363899], [23.701136250329824, 38.79198895645807], [23.732199079448304, 38.78715626347293], [23.7593760910212, 38.766403484242375], [23.77281593557095, 38.74098178834071], [23.864073432748803, 38.70881300289463], [23.949219467354368, 38.6964410017257], [23.955697927424733, 38.696679144927565], [23.970389706341603, 38.70935304913872], [23.983213127800006, 38.71315540713658], [24.010403392961905, 38.705094290446326], [24.075542974237703, 38.706226466120924], [24.168827616195486, 38.6761403420778], [24.180826489245835, 38.66216264642365], [24.18104292892882, 38.64374249213162], [24.17369063590287, 38.63267107456604], [24.150450190544863, 38.61824176340558], [24.149823591102326, 38.61492984253697], [24.247288104827014, 38.544174510429386], [24.257510689101313, 38.52925220695567], [24.258168277306005, 38.51879936131217], [24.254791276748985, 38.50888521628945], [24.247889745346306, 38.50100719188028], [24.226668969493613, 38.48760928543673], [24.214341766252925, 38.465682118515296], [24.212268504143804, 38.44700162039013], [24.230144802139353, 38.418830239935275], [24.227536783375726, 38.399530578390404], [24.237196232341734, 38.38303049573979], [24.240842750515416, 38.34747804584828], [24.277841706083088, 38.301419904283776], [24.28472034939457, 38.26065210069892], [24.27984944941785, 38.24346279346987], [24.342418532795282, 38.20804004870087], [24.358042453027984, 38.18767461265308], [24.39842499120532, 38.19031784372918], [24.42988555442045, 38.17322848840081], [24.477320273871623, 38.166065413172724], [24.590583999523776, 38.186036911238936], [24.606864129830637, 38.17815077830148], [24.614490109948377, 38.16174717617391], [24.607728436065866, 38.091109924393386], [24.61931971160851, 38.072888370694116], [24.62106119956629, 38.05788864724494], [24.59190464628914, 37.978506694364725], [24.58433597225045, 37.967598400850676], [24.517588968630594, 37.93691195574721], [24.474198781705677, 37.93565628165351], [24.463700023972567, 37.938974176919515], [24.455404510382905, 37.94621412147859], [24.42898051655548, 37.98956044139769], [24.426993386071402, 37.970106871279114], [24.417003239439893, 37.957994855535006], [24.394623173198877, 37.94454742332199], [24.366612354135288, 37.94545589136046], [24.355593630144558, 37.95034436078392], [24.31880440943749, 37.97848123264461], [24.289677203886903, 38.017253254594856], [24.286867371177102, 38.02968894265962], [24.29048168939176, 38.04267834254023], [24.27446801631727, 38.04963923698821], [24.265690285656653, 38.06406847346754], [24.24691949277423, 38.06937064705616], [24.19993758219119, 38.0636688874901], [24.190038363668947, 38.06723638681402], [24.182259864269774, 38.07432274877728], [24.177279437770938, 38.08644487194732], [24.179369355504246, 38.10130827254291], [24.165040883788272, 38.11050352395583], [24.156092660795245, 38.13280765628666], [24.159677882310767, 38.14858038688181], [24.178581531999438, 38.17046987164969], [24.1672355491576, 38.19361483923939], [24.156951411755124, 38.187523281040725], [24.146400101769242, 38.18635742368387], [24.118679732966182, 38.19160522929003], [24.109480667285187, 38.19636355702835], [24.099950936392442, 38.21150633790661], [24.10179712897359, 38.23045261568744], [24.08704078913991, 38.24122786734142], [24.074652359432, 38.2692806293072], [24.07484784945209, 38.28210714676937], [24.081768336048466, 38.29570065719342], [24.01767965555202, 38.30469248198904], [24.008401764968, 38.309600455850195], [24.001702489981557, 38.31768050385543], [23.99845219612685, 38.33034276581681], [24.001543205938823, 38.343044850152175], [24.01250127403984, 38.354173439951005], [24.032114659424604, 38.36084880813094], [24.028105496861425, 38.3690589903351], [23.98134712644928, 38.37184171892791], [23.91239062174039, 38.36508567789934], [23.84303193776378, 38.37833470411941], [23.79227287439984, 38.371608276061636], [23.709248780308037, 38.385301483550215], [23.68607534950867, 38.38269561141545], [23.69019047602393, 38.377744060990814], [23.715468553485938, 38.36432917396476], [23.787421632948025, 38.3699699054004], [23.96141556805733, 38.31578360462942], [24.063654044912195, 38.234792333195514], [24.08202594888996, 38.228342770350764], [24.092753174718396, 38.21750812501065], [24.09623683667307, 38.1879056005315], [24.10554371889242, 38.176147423507636], [24.10738159265851, 38.16321264831656], [24.10133947821576, 38.14882101723583], [24.088389413706363, 38.13884470767683], [24.081889281321857, 38.11641656944168], [24.07456763560148, 38.109004993998006], [24.062395111913947, 38.1045086113556], [24.049532333096202, 38.10622229477917], [24.038298273671586, 38.114602884583846], [24.020613927960035, 38.106941735944204], [24.03405690212446, 38.05208174819825], [24.056066556142675, 38.02122790821204], [24.05946639625251, 38.01109931663697], [24.057805928874217, 37.997898300348965], [24.03867833524973, 37.96034997123539], [24.03867833524973, 37.94950244766774], [24.049114945170295, 37.94551848050972], [24.056441837272995, 37.93847283454225], [24.072013122042506, 37.914363437266424], [24.071933103472027, 37.89747991384909], [24.09155110116343, 37.87530820946704], [24.09380232398681, 37.86273349088714], [24.090186353556664, 37.850618579473824], [24.093434374048154, 37.83244178076003], [24.10081264676847, 37.82371386861038], [24.114206607317545, 37.78811697032747], [24.107869369894253, 37.74538387942823], [24.09957199271019, 37.73220192362334], [24.099521511329588, 37.71453644550801], [24.094846005562534, 37.703943241066405], [24.09902020004477, 37.691027405042874], [24.09670470302426, 37.6784976242571], [24.051437541622896, 37.63212250994757], [24.040200468449925, 37.625624224436], [24.02722902833247, 37.625133032656805], [23.93253516454627, 37.65667505502699], [23.91812675934294, 37.67966065749449], [23.91613857139363, 37.695070149698786], [23.905875902189468, 37.70012349553021], [23.899216512923054, 37.707954312259474], [23.885484954403672, 37.74769247741636], [23.870167880810648, 37.75497239363202], [23.847965407223132, 37.78583476082004], [23.829606421721433, 37.7935077355869], [23.81828589845998, 37.78397063907731], [23.797630551196796, 37.78290476474939], [23.78471771411314, 37.775982113360136], [23.771468343625113, 37.77643328056869], [23.762032854198445, 37.781361837176085], [23.74121440888509, 37.80241171058437], [23.73755590641196, 37.81527928910322], [23.739681822085757, 37.826435508397225], [23.721813924802216, 37.843546325488894], [23.71657361293696, 37.865130645540184], [23.674957724004095, 37.91674542389687], [23.632157970879533, 37.9060424798195], [23.62179047236181, 37.906485407155465], [23.606751982199427, 37.91624113460034], [23.6012194092507, 37.934115927566374], [23.595946532235452, 37.93767914873294], [23.58786590016333, 37.92974184697848], [23.569549257770955, 37.92219885704128], [23.56265822936175, 37.90993906536543], [23.545676797363026, 37.8977021322609], [23.54165911683882, 37.885251397010336], [23.5326306568228, 37.8758005733722], [23.517578726463167, 37.87164477902337], [23.503623580007226, 37.87558317769318], [23.479178681403315, 37.860156212334324], [23.46331564397701, 37.85753393268636], [23.399390680760803, 37.87317870363513], [23.386627472164427, 37.88267159748568], [23.37662099272671, 37.903426161261656], [23.37557569078021, 37.916888380331805], [23.379580830469948, 37.926965616929536], [23.39789236073133, 37.948139061012085], [23.329692836882597, 37.95343631230507], [23.23369362605531, 37.94706667875676], [23.0982011097301, 37.884404702376315], [23.08794889247957, 37.884796761811124], [23.047587806416093, 37.89828866475027], [23.037842528489715, 37.89828866475027], [23.035297930703162, 37.88697806563427], [23.02889710804932, 37.87748588942636], [23.07344786061652, 37.86881904507129], [23.110463849640542, 37.87747708626983], [23.12089738019939, 37.876854567200965], [23.196412322267918, 37.8321592769377], [23.20438068638339, 37.82471860046221], [23.20917990851594, 37.81202057747723], [23.204938564724042, 37.79089071971046], [23.209272698772942, 37.776206806215455], [23.207887347404277, 37.76569104245164], [23.198639386617092, 37.75290513837376], [23.180921797913033, 37.74620113922396], [23.196438634132743, 37.736818925137406], [23.202375936942687, 37.72234908704382], [23.192060160315833, 37.68172517975335], [23.20233518089651, 37.647631882453595], [23.19779223301653, 37.6294988373579], [23.226740428581476, 37.61466127184928], [23.23723289884903, 37.616979245078916], [23.249796663650777, 37.61408516230636], [23.28835521036018, 37.58472189962129], [23.33132184106456, 37.566875490747975], [23.3235314598063, 37.57779268936261], [23.298086920661717, 37.587573396089844], [23.288666916140265, 37.59738172942869], [23.285235664750267, 37.617377], [23.290149430345927, 37.632891520309144], [23.29813618656143, 37.64037477187839], [23.340979486473223, 37.6604900966623], [23.405119094289333, 37.66405672385225], [23.419084235319485, 37.65550383676855], [23.43105642240759, 37.64144666671575], [23.435781450090186, 37.62916538999725], [23.430185313670744, 37.59174806195446], [23.41334228572956, 37.56497547238727], [23.438197993714375, 37.55700394172957], [23.450900540692025, 37.56116316267307], [23.45518463461847, 37.57128594152988], [23.462637657805537, 37.57850166258746], [23.480058609440405, 37.58270239069529], [23.494321570084324, 37.57679225459477], [23.51388636775472, 37.55760807840323], [23.533151791971303, 37.55390471130894], [23.544557003947016, 37.54722103062945], [23.552066565582614, 37.53332931029487], [23.550458310086327, 37.51128094826631], [23.540158958757146, 37.49908891582791], [23.523774339579308, 37.493334230887505], [23.544692661157438, 37.47876745055158], [23.55208690526184, 37.464908028004366], [23.551967073267907, 37.43341441791155], [23.54060564144635, 37.416779695453414], [23.452087916655753, 37.38824506579623], [23.33591368483073, 37.385551451451036], [23.321066264598524, 37.37281714397279], [23.292792813754954, 37.372354021341984], [23.301572867785843, 37.36290989971007], [23.304788939808763, 37.35282114721593], [23.302996558071733, 37.33975591870572], [23.297182344093862, 37.33090600560082], [23.283320520814005, 37.32342008499487], [23.226415014623576, 37.31759719571206], [23.23050724282766, 37.30079375360265], [23.222873474144574, 37.28381934212283], [23.21137989828754, 37.2768708405376], [23.185314802880328, 37.27395937219452], [23.18926951815498, 37.24267184791951], [23.181968488833153, 37.22571663206809], [23.1654684920776, 37.21743807659065], [23.125953788405276, 37.21725363870914], [23.1158169569882, 37.22147727747183], [23.07699806816683, 37.254158509912195], [23.068516356891383, 37.26726394007036], [23.068050085840166, 37.28032208365128], [23.07378103722136, 37.292064686375525], [23.08196487054972, 37.29862862828332], [23.102974202141496, 37.307211837504305], [23.090088788128938, 37.32398229745827], [23.05778418214079, 37.333029958318804], [23.046687875811045, 37.34980780569354], [23.045654187867612, 37.40082248354349], [23.048690488242755, 37.413539055345225], [23.05525335795802, 37.42173159173095], [23.06444835724439, 37.42679527610644], [23.07488042420196, 37.42796184814611], [23.085622552868255, 37.424715705192746], [23.08813731661848, 37.43284793692566], [23.059607749845107, 37.42814202262227], [23.035801264471978, 37.43472099942162], [23.02611922025588, 37.44145846074706], [23.012527636798453, 37.433857710460934], [22.996596627517903, 37.434062468140446], [22.982026799044164, 37.44544103925648], [22.959305302803198, 37.491269192723784], [22.954676926045796, 37.49484666475027], [22.93749366850456, 37.49539083849515], [22.925411384107367, 37.5012780580049], [22.89060424311337, 37.50518054126318], [22.86292488323098, 37.48952615146675], [22.847509506132628, 37.488807653643626], [22.799374832172465, 37.51737437729279], [22.792429550064313, 37.53554716918505], [22.779895879750658, 37.54545995914155], [22.771870391782855, 37.565242654822015], [22.752113392847683, 37.5551296280369], [22.751073332475436, 37.5472376307607], [22.763362805223895, 37.522044124659494], [22.759710194937238, 37.49985217757625], [22.77502789693198, 37.47733607813729], [22.777285335249733, 37.4561178596349], [22.786332359498125, 37.44802387310279], [22.790796477456695, 37.438971840054876], [22.78749286383415, 37.40808534591653], [22.840869783403086, 37.35991339896494], [22.852591591755363, 37.334698575604364], [22.850860604856237, 37.31856515295303], [22.93087516140977, 37.20558990078812], [22.937722695748516, 37.190165501001026], [22.938329587275913, 37.17974201645618], [22.93492899744013, 37.169870170825725], [22.92579546181137, 37.15976669400941], [22.924361274336658, 37.149336191098], [22.957775939229748, 37.15088272537819], [22.97071979780429, 37.14679337784226], [22.97858981942097, 37.139249022471105], [22.987515196051344, 37.123241096462586], [22.990741171734857, 37.10839127664256], [23.005412871763742, 37.095513935888896], [23.00864933524684, 37.08270860522362], [23.00588337707896, 37.07088909784061], [23.02521623964667, 37.042366003443185], [23.03783983191801, 36.99343216693582], [23.03867833524973, 36.946385780699934], [23.073392734063496, 36.88835805667051], [23.075911107226037, 36.87642110638811], [23.11632687226985, 36.832218910785215], [23.119984987080812, 36.82182531880385], [23.11951929069499, 36.80772072919182], [23.131462893042073, 36.801932647802786], [23.139033975271754, 36.79155724996048], [23.139130965750102, 36.771316112059], [23.119227983907408, 36.747743693823864], [23.11236508472325, 36.72012484937603], [23.099162280710704, 36.70808830007278], [23.082311905554764, 36.70672933738583], [23.086192588617397, 36.69563599653582], [23.08452722072401, 36.6827845741364], [23.077055921511374, 36.672196269457], [23.06205067112278, 36.66141009893006], [23.062232077745772, 36.657577382588265], [23.09931955590216, 36.59996390643704], [23.17571360207463, 36.55837082368206], [23.18081596209859, 36.548948522760405], [23.181843459382993, 36.53828277938252], [23.174584746288744, 36.52257726617351], [23.172775173056454, 36.506158051257515], [23.217526754988555, 36.479208361214596], [23.226591706487465, 36.470219912225154], [23.230382676598893, 36.452922016081565], [23.221718142554955, 36.42429271631966], [23.214967407222037, 36.41332238158492], [23.203896229388498, 36.406738333202235], [23.188505432524188, 36.40665202510253], [23.16355601773647, 36.41649667055291], [23.14716712570945, 36.408282174203215], [23.136581786416315, 36.40725956866223], [23.08408484450348, 36.418428237757546], [23.04349292065241, 36.45902686498312], [23.03930497802344, 36.47358594194568], [23.04250715050421, 36.48812978599946], [23.034013968719524, 36.499951817939454], [22.973091688987378, 36.493267962057104], [22.955856485053914, 36.498953006658276], [22.909131549109365, 36.57711989116279], [22.852664685481674, 36.614983835128434], [22.84774094748942, 36.62998642272398], [22.851433091297206, 36.644078708885175], [22.842124506119177, 36.6504534075529], [22.829497085074102, 36.640264175879025], [22.81402479144015, 36.63881043140804], [22.8022705702418, 36.644380445682835], [22.792475470425426, 36.65569050011986], [22.788049254990337, 36.66897502356479], [22.79002593400462, 36.71483863059574], [22.776315761592315, 36.76330325608037], [22.769476573583944, 36.77198198711226], [22.758010142145665, 36.77765055936639], [22.685948326241494, 36.78244019381963], [22.629592884804335, 36.777052302977964], [22.605058079221934, 36.76595606966902], [22.606014560632776, 36.738795895150865], [22.602032780154346, 36.7262089212815], [22.594793189374588, 36.71846572438918], [22.56512653219906, 36.70042986600003], [22.57623679335365, 36.68359617624842], [22.579450313513515, 36.650911772049376], [22.577343777338108, 36.64050075780407], [22.569380524399037, 36.62993770814976], [22.556696503007075, 36.62435018445839], [22.551461922825798, 36.60339411091685], [22.54586954633621, 36.59410915444914], [22.526262369304103, 36.579477552606306], [22.511974618518803, 36.5758539988052], [22.51336274975329, 36.53098979537517], [22.53829793623208, 36.46932797359972], [22.537273905921637, 36.44451502091481], [22.525000602675277, 36.42774148726817], [22.531329572642246, 36.408323539725096], [22.530701218025193, 36.39763145024887], [22.52420385425826, 36.385983150741], [22.503630749539916, 36.36714310807406], [22.49099868458935, 36.36398767347445], [22.47836155800205, 36.36712277539372], [22.455995443796215, 36.38931196233019], [22.44619038905332, 36.43317785971266], [22.40714751846107, 36.45008418670156], [22.399017083342464, 36.45705736752021], [22.379753805944514, 36.45355345298436], [22.366988279414404, 36.45765636406066], [22.331055770744243, 36.49862289139561], [22.328387044156194, 36.518558076748924], [22.343081180582903, 36.55944363221669], [22.35055170407436, 36.56888161483309], [22.340492684760793, 36.60249215886445], [22.34442371089913, 36.64428087606582], [22.341555321242456, 36.658626959248316], [22.34770764139517, 36.67746419762406], [22.336784420575242, 36.686233103013635], [22.28215248008285, 36.76151344408012], [22.278686084566466, 36.771778969837804], [22.27943102545729, 36.788127502656394], [22.26992226667598, 36.804008994283684], [22.20560949771241, 36.87496216276262], [22.20246912984384, 36.876268710148516], [22.1818777791984, 36.86510858314529], [22.166555961474447, 36.865608260486304], [22.11525569272176, 36.90248136138432], [22.1067373417643, 36.93549402009314], [22.121379008015474, 36.96448351349721], [22.124171599250225, 36.997851700582274], [22.05076931681654, 37.0076021551105], [21.968183673215567, 36.979613426692254], [21.949643258522258, 36.866926028393245], [21.961765540471532, 36.83594459820163], [21.984508294592562, 36.82459688091214], [21.993796083607336, 36.814808099202715], [21.99703640143312, 36.804467127539134], [21.996016670475555, 36.78717514023143], [21.985223648719963, 36.7725991092683], [21.96491556047204, 36.76643741288047], [21.95389034590324, 36.74596800838096], [21.896517791950025, 36.70348437883735], [21.887100184691356, 36.69998162227112], [21.87085622254971, 36.69994967714632], [21.856393953333704, 36.706337109256864], [21.810127679756377, 36.77798394839102], [21.788797881973903, 36.77303645749329], [21.802031210004216, 36.76308133459077], [21.806961309302462, 36.746275270638655], [21.804029303163322, 36.693000567468665], [21.798088922125327, 36.68158122660802], [21.787529664446957, 36.67421973560075], [21.767248939617936, 36.67458831971506], [21.754516871837943, 36.685773521147524], [21.74012794642047, 36.68751415996568], [21.72793338984479, 36.69765504684303], [21.723738699421702, 36.71557437464235], [21.7358284637773, 36.754052662946854], [21.71726008908844, 36.724067263802134], [21.709247444258043, 36.71702216448192], [21.693768987956258, 36.7135111400492], [21.67698714151646, 36.7210975385797], [21.67097824676885, 36.72991394859296], [21.6688616672943, 36.74037129017376], [21.67442389343602, 36.796332528338795], [21.68107260407458, 36.80947540628284], [21.662162658219152, 36.84378475735281], [21.661537664750266, 36.891181], [21.664254996920974, 36.90297407835896], [21.682797770537793, 36.93537709745259], [21.656714067772974, 36.93295177701728], [21.641004555998286, 36.942269656391886], [21.636005711544392, 36.951592985691214], [21.630074930799967, 36.98081582322658], [21.578816112682382, 37.028202787648716], [21.554931869524385, 37.06388472845695], [21.542737416166013, 37.11530544849158], [21.547494254435485, 37.1940357195172], [21.55167657186486, 37.20686989635298], [21.572631232336068, 37.23875967011493], [21.660407961597002, 37.30144643417752], [21.668269183942677, 37.3203182559756], [21.6650542259454, 37.34979211874399], [21.650930670899186, 37.383265165389176], [21.585777358971544, 37.48287540697809], [21.533255537936252, 37.53984874401144], [21.427558640118182, 37.596541928279656], [21.389277267290634, 37.630781466428566], [21.346551957198066, 37.64087252914493], [21.34100670670644, 37.62301223370468], [21.328890198097117, 37.61300538750343], [21.309698696771232, 37.61105822933087], [21.2955760568844, 37.61672578287836], [21.286775005192887, 37.629139952593256], [21.283277547977562, 37.650504982795596], [21.272388073082045, 37.66665906633349], [21.273375008877196, 37.681873437414595], [21.28427984250095, 37.70090310035149], [21.284766163626113, 37.72074010320009], [21.26455547862805, 37.76485592368923], [21.218362936501148, 37.78635316972062], [21.108707451843376, 37.813991101057944], [21.083578906100293, 37.84322823001759], [21.07927273687997, 37.8788157312619], [21.108538316744433, 37.95637609152202], [21.116323352279014, 37.96707661686245], [21.128263300821672, 37.97278149632084], [21.138888854911464, 37.97277342157628], [21.16640409627513, 37.95920191446876], [21.194360547931964, 37.969770903385616], [21.257777716080827, 38.01972045933751], [21.26311923107543, 38.031880991041284], [21.340751630251603, 38.13121388137344], [21.34772716698658, 38.225266351697215], [21.35159598945055, 38.235202111964014], [21.35901537060767, 38.242859781490864], [21.374152579527955, 38.247598043398746], [21.39256676503293, 38.24039758985597], [21.407894615213028, 38.24081210581233], [21.429874583587107, 38.228385633919274], [21.48268786162742, 38.2215309631828], [21.533572808316496, 38.191652108349814], [21.603377402259902, 38.17912025026038], [21.61433132772286, 38.18080704232887], [21.659278491352175, 38.20213147014105], [21.68072041738156, 38.22281690756269], [21.741217173896125, 38.30999536633845], [21.708452052110825, 38.330906664750266], [21.661802527993167, 38.330906664750266], [21.61845271953469, 38.31845997112091], [21.601319817489973, 38.320883360221174], [21.552119974639005, 38.29247941412885], [21.531031502042406, 38.27235316128192], [21.513810919515247, 38.26914324688456], [21.466652746670317, 38.28081221306236], [21.413801124921847, 38.30785683961974], [21.40272508258417, 38.322310130125885], [21.401543059750974, 38.332789338443156], [21.404798545131168, 38.343478486653304], [21.39691826381496, 38.35456075688659], [21.395742566888906, 38.36947639900989], [21.369136065607083, 38.373236805930844], [21.358369398925632, 38.37985146799467], [21.348938414706364, 38.3717385878008], [21.32370420775464, 38.361583767269984], [21.30828252510245, 38.34324645968891], [21.292924874243944, 38.33721843158905], [21.25021011333258, 38.30649403162624], [21.218691988343064, 38.303693924461406], [21.200037467736433, 38.29414745336959], [21.192368961319268, 38.28247444167242], [21.180642761871034, 38.27640142786078], [21.14374692695316, 38.27970218670442], [21.133811425700582, 38.288054217314524], [21.122230860614337, 38.31183159228399], [21.07667759929674, 38.31801204571748], [21.067433376276806, 38.323323432994215], [21.060972274906156, 38.33180403810965], [21.05907131476422, 38.350109214831576], [21.074786151962503, 38.38623242504403], [21.062317065303283, 38.39912287602203], [21.05202274009359, 38.43404398782723], [21.055449690187682, 38.446121767289206], [21.069592550767727, 38.462293944173894], [21.05749421935188, 38.47122674878341], [21.052163349167902, 38.48489130355079], [21.022560596570614, 38.48567534709895], [21.007928453328546, 38.49673915667793], [20.989985562800236, 38.543824350807185], [20.996132119579002, 38.59742574924881], [20.982624335654222, 38.60962184673369], [20.97546258572014, 38.624141447181344], [20.966201207133903, 38.613932023884026], [20.967983734142575, 38.60248828503498], [20.963969356907093, 38.58999154741507], [20.935154062561942, 38.55228086037417], [20.929669198743895, 38.53360428378691], [20.917678206666746, 38.52403902354996], [20.891216249416658, 38.52220172919812], [20.878752457330002, 38.52672245792919], [20.86884236619424, 38.539076540606764], [20.867820984996868, 38.55572801562234], [20.856137987786404, 38.559775979482076], [20.84714153985146, 38.569269067155226], [20.843673941017848, 38.58187979859101], [20.84571167369441, 38.61490856302929], [20.86830654242928, 38.646980827083276], [20.89453946959801, 38.668045407546416], [20.88884942594533, 38.67765260616704], [20.859529071442783, 38.76504039810345], [20.854635077962254, 38.770122581666264], [20.8484907159242, 38.76682001590822], [20.829161755875923, 38.742276577324695], [20.81988269545551, 38.73694914057772], [20.80659236640361, 38.7359967200951], [20.795437939057255, 38.74082532682312], [20.770829197009828, 38.73409479258052], [20.754644587802307, 38.741480171756386], [20.755410392668253, 38.72604433087322], [20.748913177361857, 38.71252433762245], [20.748330240397237, 38.692326694417574], [20.777382445775263, 38.70134042600816], [20.789762744560534, 38.70109417538938], [20.821244520469946, 38.68369533212208], [20.830808164272064, 38.67077028606363], [20.83223272539656, 38.66005364393881], [20.829330973820827, 38.64963944062691], [20.81602389667299, 38.632344485720715], [20.805388153823852, 38.6255763423586], [20.82055990793246, 38.61293726813044], [20.826379448037198, 38.6012329776713], [20.825170550178743, 38.585663552355456], [20.815529605546093, 38.57337857676379], [20.803326462786977, 38.568694479307155], [20.790354634884636, 38.570303560739085], [20.7333087992833, 38.60637918810852], [20.70519575260253, 38.5911535668336], [20.69390538704755, 38.58023198615759], [20.673945435246107, 38.57807256493921], [20.66691231043995, 38.56497681796107], [20.655988195650753, 38.55818624975863], [20.643160942720368, 38.55723247688237], [20.618959222308412, 38.56414963247603], [20.610675192887136, 38.57047921263571], [20.60480677825437, 38.581544294759965], [20.596234513476592, 38.58645165452928], [20.571706231811916, 38.55194558805397], [20.56367366806054, 38.54559460797631], [20.54189203359258, 38.542712770928006], [20.52711416371515, 38.549024576855246], [20.519383510961145, 38.560035939397956], [20.51768355397122, 38.57070598447822], [20.536144758156517, 38.6975273635193], [20.579250700848867, 38.795266870060225], [20.627605702805322, 38.84854139666533], [20.676049754723206, 38.87501197719578], [20.686619417213468, 38.87703132184656], [20.697136557622766, 38.87475420182606], [20.71984842369489, 38.8566164533367], [20.727059760573724, 38.87237662225054], [20.739022841775544, 38.88211910350768], [20.729814566335794, 38.900653188437396], [20.729799529132404, 38.92370571483135], [20.714485505361253, 38.93276313651826], [20.67735565429233, 38.98781946537188], [20.676329223095582, 39.00604495619022], [20.68589266011508, 39.02105337022978], [20.681453408412636, 39.0357674373878], [20.66876120292229, 39.0515517406335], [20.580589163107618, 39.101652872663514], [20.501023135544198, 39.17948050897707], [20.460352823260973, 39.20556787953855], [20.452570358686266, 39.21920328881455], [20.448256439614216, 39.253171213519025], [20.439358087848778, 39.26006958596611], [20.411528801528227, 39.257517538821006], [20.39111410572163, 39.267739195722584], [20.371463326060194, 39.261367715653456], [20.360802364524897, 39.261140920635995], [20.3126890991675, 39.27974367855556], [20.27112275330713, 39.31745268142577], [20.26622167751013, 39.329087209460454], [20.264456815603637, 39.3533378395367], [20.2506373089611, 39.368282205050065], [20.24740453517349, 39.371269729779044], [20.22590219347677, 39.37437824216818], [20.215323320642874, 39.38209042048396], [20.209626964595955, 39.393877776955925], [20.210251002324604, 39.40722757115259], [20.194584185844292, 39.42344766031542], [20.18914875801046, 39.4351103967508], [20.191681731639726, 39.45277605831146], [20.20367423816996, 39.4644729664155], [20.19162956906141, 39.476373680247846], [20.188637664750267, 39.493373860998034], [20.169341889003416, 39.50526913884105], [20.125095863827134, 39.50414403522613], [20.1140812287566, 39.511103065186404], [20.107618431294437, 39.52241600170563], [20.107218020867695, 39.5354386725229], [20.118970304109528, 39.55604314825884], [20.122236201859227, 39.5820998429552], [20.13253345725789, 39.5936563390182], [20.147621664750268, 39.59763101924753], [20.15062333341359, 39.61032825628653]], [[20.869299197861032, 38.987341666350936], [20.885466500980677, 38.97986797778833], [20.894734304057746, 38.961619091207915], [20.90497440789779, 38.97624254517543], [20.92244624094754, 38.98122240444265], [20.94397627456599, 38.97155881550449], [20.979478704097893, 38.973476503594256], [21.036951342979332, 38.957785487528824], [21.04756691245346, 38.950427276718884], [21.052800911140366, 38.941475507188876], [21.05333934344201, 38.913280039277744], [21.064823939313058, 38.906793433563145], [21.068378070831102, 38.91812540716598], [21.07792328393081, 38.927721421280104], [21.095620982349654, 38.9369410337154], [21.113495216708255, 38.93743002808909], [21.118958178328356, 38.97820205454636], [21.12661464118837, 38.99104531686351], [21.0973244845686, 39.01660260265221], [21.085262221213767, 39.010087134200255], [21.08086975347117, 38.99416084663767], [21.066038432192293, 38.98314668787989], [20.997613000222056, 38.98875577352704], [20.985929017171358, 38.994421979783944], [20.978893270006754, 39.003523440650476], [20.96535046785681, 39.00981003568836], [20.951608058492777, 39.007304896442804], [20.93913091634667, 39.01155038852586], [20.913343994832342, 39.03848506852613], [20.90871854558278, 39.02121455085629], [20.896506952843477, 39.011427462837446], [20.839281300601854, 39.01057589683072], [20.823723200487848, 39.02026537170967], [20.81834428396427, 39.032343815297665], [20.818849838389504, 39.04372703088791], [20.811245800412745, 39.047057412738134], [20.806864419893657, 39.03495240193286], [20.796889585769943, 39.02382699695868], [20.839142085721544, 38.99979406184578], [20.850178110806485, 38.985625065918086], [20.869299197861032, 38.987341666350936]], [[21.836773628587057, 38.365073115148256], [21.835553043155848, 38.367094336035144], [21.816490853689675, 38.354254176569455], [21.836773628587057, 38.365073115148256]], [[21.962552299383077, 38.362853153777245], [22.034307910079008, 38.33627468830404], [22.0653518664098, 38.297782910153224], [22.090284017705162, 38.28969735572099], [22.112390435539538, 38.294729408024594], [22.125604538768613, 38.29194439543663], [22.1632685074434, 38.26721180619614], [22.18018651435469, 38.23579379097717], [22.216068310243667, 38.225204997573755], [22.231218392332373, 38.21336539167894], [22.310346121913756, 38.20001804034689], [22.327320519193766, 38.20556455070222], [22.3380425050862, 38.20497353429883], [22.417205468935105, 38.166726977005894], [22.435008702991297, 38.17011393111624], [22.518555202386924, 38.155304363073995], [22.689808038403218, 38.09186134823007], [22.793337739772046, 38.02334746853996], [22.814337917760078, 37.997803819186146], [22.87277515852584, 37.96704051304892], [22.93328656398045, 37.9721758201817], [22.937999872912357, 37.97749005491162], [22.892176360898898, 38.0011995779605], [22.876624571940184, 38.00226316454432], [22.864256788629095, 38.00767822914577], [22.84045655749806, 38.01181175939747], [22.82804297367079, 38.02791030209497], [22.829263395848745, 38.04576149165495], [22.83705429572973, 38.056044807382456], [22.86063918495298, 38.07178427228664], [22.89932377166588, 38.08457147433493], [22.931232772871216, 38.10778348509256], [22.946575386195313, 38.110177047645855], [23.019153467039246, 38.09293949586368], [23.04340581294616, 38.09649074813551], [23.07086701732456, 38.08681994776525], [23.163523194685958, 38.10720916471497], [23.150553449565088, 38.121216337905885], [23.148598664750267, 38.14230115363048], [23.122207794834207, 38.146046572184424], [23.112776651978262, 38.15033011788233], [23.10437278884142, 38.16012035104656], [23.101516583088078, 38.17321673023171], [23.071860404193625, 38.156729988325196], [23.027423405308692, 38.15942404298257], [23.01753422052036, 38.16335471837733], [23.00993762845371, 38.17080709878962], [23.005287664750266, 38.191826441782496], [22.99641442467828, 38.192877608000884], [22.99163416839993, 38.17741255857927], [22.977179999508117, 38.166946235987055], [22.906021081621603, 38.1659603451124], [22.889423167549733, 38.17394535238084], [22.878625658529668, 38.20010652801309], [22.868458128531856, 38.20303404439491], [22.859547055589545, 38.21052686768607], [22.808526900408687, 38.20015699010259], [22.795713852485665, 38.20191418909859], [22.75017915280257, 38.22536781611737], [22.742592313443602, 38.232756918575646], [22.73843845369607, 38.24249880832022], [22.73835906329874, 38.25308902379312], [22.749219408615136, 38.27051397084687], [22.683110425473338, 38.29347155472547], [22.65049278851591, 38.333098980437576], [22.63254651782895, 38.32968125361508], [22.632898398433365, 38.31786247796798], [22.624053858393523, 38.289964524979865], [22.603598374326502, 38.270623187338074], [22.590856159013878, 38.266178437196956], [22.552003783001027, 38.2687073712737], [22.52657305110851, 38.283618901211426], [22.50381124616482, 38.31675406674822], [22.499385144562616, 38.32919713755573], [22.50223735578383, 38.34397542508221], [22.452014454918668, 38.39913455302546], [22.434154558146144, 38.407770859506634], [22.421227291885, 38.391745019171516], [22.425083467179125, 38.3708747084637], [22.414741151442698, 38.35383992875623], [22.412817826454038, 38.340634535260556], [22.4030511007225, 38.32544112553687], [22.394555863251306, 38.31865889985459], [22.38133726347628, 38.31574714052186], [22.321971901721565, 38.32388628388543], [22.28261008246374, 38.320467100877785], [22.258453327658565, 38.331869561303975], [22.233015980922843, 38.332790774341944], [22.217946624838923, 38.32209356580719], [22.206574285516158, 38.30244715712966], [22.19247410947179, 38.296312851638646], [22.17290105310866, 38.30161835357777], [22.15386406519768, 38.32577275683883], [22.130352018236, 38.33188189489187], [22.119362550954207, 38.34862257070687], [22.047284977063367, 38.37085719357152], [22.00583281400297, 38.3656338978521], [21.977880694774207, 38.38398245943925], [21.96290971662538, 38.38453485510773], [21.904697765773786, 38.35958666460614], [21.915657249793792, 38.35779831218733], [21.962552299383077, 38.362853153777245]], [[23.6021423927061, 38.50775956098859], [23.603759821060716, 38.52636350417561], [23.587224653197396, 38.546280637056206], [23.532225213460944, 38.556472642432674], [23.489964175949016, 38.5751264546097], [23.48037778282519, 38.58675853028301], [23.473897419785864, 38.613938615121626], [23.43509492456481, 38.63800635296155], [23.424665700703883, 38.657021339069736], [23.367890218617802, 38.68406070427497], [23.31984042895111, 38.71873929509458], [23.303796301796435, 38.742380654274875], [23.1911859211785, 38.805253313855424], [23.139663297074, 38.82345025201457], [23.06294488640498, 38.820347448729294], [23.053649603749182, 38.8245048215617], [23.02404271232935, 38.8495707501098], [23.01780854771445, 38.85093428745816], [23.01129894396152, 38.83323724221075], [22.989266528326453, 38.81914913103907], [22.862786315220887, 38.80654966907384], [22.852468453688314, 38.80192526393792], [22.867487666326728, 38.789645494218576], [22.880553419197156, 38.79717214795368], [22.918414980947297, 38.80229741044408], [22.953950091722472, 38.78424317351878], [23.055486033197322, 38.7700649770764], [23.083470899904274, 38.73988320407091], [23.114553654475568, 38.66465263085421], [23.141420772820254, 38.676087300684316], [23.14379212383878, 38.69093673576661], [23.15214584155471, 38.701077466644634], [23.18554275672423, 38.712902011207824], [23.260709077257246, 38.68795154901243], [23.317614142729234, 38.67693442147056], [23.350934310864556, 38.64865881758904], [23.35719969854304, 38.63746888156387], [23.35957161513062, 38.598392472775785], [23.35365417169001, 38.5866139322501], [23.341598210769813, 38.57763777419971], [23.351878558791018, 38.570519586053834], [23.397328771810255, 38.557230590899316], [23.406638157379412, 38.54531883781456], [23.408551335249733, 38.531203316653645], [23.510705767087092, 38.519038655846565], [23.52916635931791, 38.5348453895341], [23.546379318029313, 38.538438957950554], [23.580117467671705, 38.5247936632776], [23.6021423927061, 38.50775956098859]], [[22.8068157483069, 38.84627514099414], [22.809624009288584, 38.85763037641196], [22.797222110665672, 38.851557870773384], [22.742492426909966, 38.84624122434856], [22.76534897029952, 38.82035358418975], [22.784479398924123, 38.80929706342458], [22.8086062807687, 38.8113591010257], [22.8068157483069, 38.84627514099414]], [[22.597827985700626, 38.87456204465971], [22.61441673151907, 38.86740628568557], [22.62400112513334, 38.85717633524973], [22.636767251678197, 38.85717633524973], [22.65788622780392, 38.86418796027361], [22.620376501298807, 38.884505960744214], [22.597827985700626, 38.87456204465971]], [[23.067463982827405, 38.98812653492815], [23.074910686300672, 39.00642769069994], [23.044023476811102, 38.98916731895988], [23.03594873146226, 38.97187524653344], [23.068752403957042, 38.978429606067785], [23.067463982827405, 38.98812653492815]], [[23.035797669275198, 39.07619890488087], [23.026496784963044, 39.08905281550246], [23.025453980240243, 39.10229402623662], [23.02930678552805, 39.11223931931293], [23.042356450107533, 39.12898097456816], [23.041938167350356, 39.145856543827094], [23.050371729556517, 39.15863074550277], [23.06978240259268, 39.17167685678937], [23.115356044598126, 39.186045327986584], [23.12789824224125, 39.18227755330112], [23.135708272107692, 39.175237371339676], [23.140752760930045, 39.163152009105936], [23.139758985692723, 39.1506024399976], [23.148626881988513, 39.154392048690774], [23.150371768225725, 39.165076741417906], [23.15803941942298, 39.17594997821984], [23.178811547939755, 39.18548929663606], [23.151272001349607, 39.222577754064766], [23.148627892925322, 39.233025206993005], [23.15090814988293, 39.246585921375], [23.148445645433142, 39.25065288203816], [23.120549313483767, 39.27361363447815], [23.09186199807407, 39.285620320139365], [23.010913177059024, 39.29235236444515], [22.99850132062879, 39.30199068410115], [22.981874721928968, 39.33103227858074], [22.966840318662094, 39.33186870539742], [22.9615680673011, 39.323800317108834], [22.968776893766833, 39.31063265988555], [22.969635020729573, 39.29992107033561], [22.96120253918922, 39.28340377691335], [22.94678549173325, 39.276502865035205], [22.85526208258156, 39.26310481280355], [22.85313133524973, 39.26097940601706], [22.85313133524973, 39.22701923265259], [22.860136109774974, 39.21138187195301], [22.87094998551103, 39.216644722117465], [22.881620273573056, 39.21691903486314], [22.89910658014013, 39.20643143211451], [22.91165909035151, 39.20474001200401], [22.92038641026687, 39.1992100547823], [22.92639160373496, 39.19080266569948], [22.937552085834273, 39.15870237732084], [22.973350110584054, 39.14305480721525], [22.98267262088895, 39.135211730499506], [23.02112371971206, 39.083705318874266], [23.02472823705055, 39.07363157799295], [23.02372189382958, 39.061660203447445], [23.037746085046955, 39.06663533301379], [23.063558585288188, 39.068761244249345], [23.035797669275198, 39.07619890488087]], [[23.548308747727333, 38.01257689509915], [23.554439056187746, 38.01812968106715], [23.540801855055687, 38.01703527072106], [23.548308747727333, 38.01257689509915]]], [[[23.38032738997013, 39.12372033681373], [23.371533498763544, 39.13339136242305], [23.368462095826107, 39.14342682690537], [23.37628176703154, 39.17861023732782], [23.386080633905117, 39.18745838334473], [23.411772129600052, 39.198101492912194], [23.42622798824351, 39.21812104834156], [23.45900418671202, 39.23820155871198], [23.469085158035835, 39.240726730383145], [23.479372067984446, 39.239249584990965], [23.517393555750395, 39.217523830923405], [23.52556474211729, 39.210110030251265], [23.537428700249407, 39.189628493862344], [23.53877892235974, 39.17112167285432], [23.526302161441485, 39.14244132711658], [23.511283091013823, 39.13288563021271], [23.49319023797941, 39.13498866911481], [23.4808494221055, 39.11419990771201], [23.469967733488282, 39.10660554358126], [23.45157566063538, 39.1063792174388], [23.428904670420124, 39.119195664750265], [23.39263761575451, 39.11932493011731], [23.38032738997013, 39.12372033681373]]], [[[23.563460604775393, 39.19477377767787], [23.560678363382067, 39.21253804453414], [23.567781239781382, 39.226305478146145], [23.59304149238851, 39.23945639852656], [23.606569583604905, 39.24024788138582], [23.67796143042267, 39.19382696696281], [23.744425388316262, 39.16920502869326], [23.755740165328476, 39.15548510808043], [23.798110405695937, 39.15080717858837], [23.80661339952444, 39.14743126824488], [23.81401141090214, 39.16475114619231], [23.85081691851331, 39.196579586273735], [23.866955046291096, 39.23248996258061], [23.924406607836673, 39.30189900672758], [23.94859983164284, 39.31508889869928], [23.96660265374015, 39.314692439638634], [23.975450483284526, 39.3091783376042], [23.983020173626795, 39.29656120491536], [23.992168160697915, 39.28999284785539], [23.998839651857875, 39.27585199452409], [23.990356511584288, 39.23777429561556], [23.95876467506799, 39.205320930733826], [23.943277971765134, 39.174350256218986], [23.913826270358413, 39.141697515770105], [23.87048305928255, 39.1177082537576], [23.831636730936875, 39.11926064090342], [23.819541834822513, 39.12311747941859], [23.81381732387884, 39.10773126467691], [23.775562867507254, 39.06845747435643], [23.721996242318063, 39.050770992256254], [23.70792611442965, 39.051772011674885], [23.640173185916066, 39.07755842453133], [23.63146240590937, 39.09332930607596], [23.634122269936086, 39.11005256751234], [23.606913508346445, 39.130227046624874], [23.563460604775393, 39.19477377767787]]], [[[20.147209197675746, 39.26775756893474], [20.15703907310297, 39.26287717620634], [20.21262928532525, 39.21743426688355], [20.22876690631439, 39.18192249725608], [20.22672252995607, 39.16910431879669], [20.216812174322715, 39.15717546523768], [20.201968424792415, 39.15268371770541], [20.15804245259085, 39.15805972886788], [20.115530494613946, 39.19510047720617], [20.099289448474305, 39.229112076983114], [20.100805193880454, 39.247187235592044], [20.113433733615576, 39.2602075592068], [20.133544951651515, 39.267750269851135], [20.147209197675746, 39.26775756893474]]], [[[24.016330354130783, 39.3209203222091], [24.01473277583135, 39.33350852114671], [24.02133070431795, 39.35450743936266], [24.03799884830066, 39.37864335214248], [24.05070704762885, 39.38704035041387], [24.067161853596065, 39.38997233218444], [24.077772892091367, 39.38778990507983], [24.089520202328032, 39.37799652513857], [24.111304157079235, 39.36678149285983], [24.120186642383523, 39.354390669929174], [24.12013443825367, 39.32342709716989], [24.104826536115468, 39.290624279684614], [24.094709892975487, 39.281056163407165], [24.070893254777562, 39.27120744775213], [24.05231690737323, 39.27235315412234], [24.036025789796167, 39.28491787232945], [24.028417818188128, 39.2959712658993], [24.02688974308356, 39.307425627452496], [24.016330354130783, 39.3209203222091]]], [[[19.638127756591405, 39.69230502896405], [19.628346076186453, 39.70417229807013], [19.625394242763324, 39.72059453377074], [19.612203391728546, 39.72537581916632], [19.603181714081227, 39.73468278999245], [19.599840721529645, 39.75234475659611], [19.60650013422467, 39.76632664420246], [19.64751613422467, 39.81161464420246], [19.658071515607567, 39.8187735541383], [19.79284318785585, 39.82937829272556], [19.8519185528725, 39.85147914390879], [19.94073666676986, 39.816272660721104], [19.952801041288446, 39.81687086068388], [19.962429017477326, 39.81311785675178], [19.974220574006015, 39.7966135919977], [19.9732088105976, 39.75774564336574], [19.969759871723316, 39.74596022920623], [19.95591013948418, 39.72579539961503], [19.94617884652635, 39.71723503145337], [19.874221915169368, 39.68823312144697], [19.882547768400144, 39.67870821142117], [19.885536854091068, 39.667607055191866], [19.938376815769796, 39.649969317407695], [19.952407991885604, 39.635603181934684], [19.954352103116644, 39.62301310204192], [19.950022803721613, 39.59865463194673], [19.939788548898832, 39.58205925734892], [19.959572977454386, 39.49345297141027], [20.035147657353754, 39.466982073767355], [20.08010674347913, 39.47422399807048], [20.097335070835484, 39.46940960627748], [20.10582382501581, 39.45969876020165], [20.14275188234518, 39.387894889303276], [20.14441818601411, 39.37458277954589], [20.13945951955848, 39.362116807418076], [20.119938493068847, 39.34175526115632], [20.100293869582945, 39.338254402604576], [20.025370323645802, 39.368748788527306], [19.990388361729348, 39.37391806837753], [19.946159501042462, 39.39986757027563], [19.90638717350658, 39.40392361939837], [19.896178234832707, 39.40836106254238], [19.88196302123804, 39.42641896108551], [19.871568560419515, 39.4272638857968], [19.86233427660404, 39.43194864915378], [19.84228270295073, 39.45501121947725], [19.806716497679197, 39.5541434958916], [19.73243135162877, 39.59842142643646], [19.701574368724238, 39.648872130500045], [19.66670683391716, 39.65735950677589], [19.656613198040713, 39.66924985632604], [19.652051472614485, 39.68776670615299], [19.638127756591405, 39.69230502896405]]], [[[19.539594220094436, 39.746251717289994], [19.52240577990556, 39.746251717289994], [19.51025171728999, 39.758405779905566], [19.51025171728999, 39.77559422009444], [19.52240577990556, 39.78774828271001], [19.539594220094436, 39.78774828271001], [19.551748282710008, 39.77559422009444], [19.551748282710008, 39.758405779905566], [19.539594220094436, 39.746251717289994]]], [[[19.406313064113323, 39.81810206074799], [19.396, 39.81605066475027], [19.385686935886678, 39.81810206074799], [19.376943942296446, 39.82394394229645], [19.37110206074799, 39.83268693588668], [19.36905066475027, 39.843], [19.37110206074799, 39.85331306411333], [19.376943942296446, 39.862056057703555], [19.385686935886678, 39.86789793925202], [19.396, 39.869949335249736], [19.406313064113323, 39.86789793925202], [19.415056057703556, 39.862056057703555], [19.42089793925201, 39.85331306411333], [19.422949335249733, 39.843], [19.42089793925201, 39.83268693588668], [19.415056057703556, 39.82394394229645], [19.406313064113323, 39.81810206074799]]], [[[19.588594220094436, 39.86025171728999], [19.57140577990556, 39.86025171728999], [19.55925171728999, 39.87240577990556], [19.55925171728999, 39.88959422009444], [19.57140577990556, 39.90174828271001], [19.588594220094436, 39.90174828271001], [19.600748282710008, 39.88959422009444], [19.600748282710008, 39.87240577990556], [19.588594220094436, 39.86025171728999]]], [[[23.49200940954019, 35.313948458615485], [23.499649604590072, 35.32727660913721], [23.514935859543748, 35.33543397450719], [23.51800246391793, 35.35356696405029], [23.51214647206217, 35.368868844230306], [23.512255034995864, 35.37983552898707], [23.540962137556974, 35.43225410358566], [23.53479788973943, 35.44181347988309], [23.532878537320258, 35.452202471030255], [23.546424876645634, 35.48864488370745], [23.539355919991344, 35.503633515467655], [23.539424403995014, 35.531386498158376], [23.553989279270148, 35.559673515347946], [23.553772113967742, 35.580473166983545], [23.55789457215022, 35.590839938028566], [23.587718046052483, 35.63350335018752], [23.60247697191806, 35.63946955922238], [23.615622020932143, 35.6372736679783], [23.624361434443326, 35.63109681794378], [23.63081849158216, 35.61943831610845], [23.634808859501902, 35.557902464080804], [23.63950705990227, 35.546826273223104], [23.656109357098625, 35.5402074023553], [23.66472134646482, 35.52837866545486], [23.695375549009267, 35.53004169540968], [23.702242383003473, 35.553612085990416], [23.686019592346558, 35.60348057916341], [23.686660829103747, 35.61380157559696], [23.69192648837455, 35.62407324684021], [23.68526506847406, 35.64151838875966], [23.68477074583692, 35.65417986040995], [23.6901174224768, 35.66566769171656], [23.722238139520336, 35.70575685578081], [23.73099660738116, 35.71175530409505], [23.741392141055115, 35.713905890313136], [23.791607951359456, 35.69534465436498], [23.802604548493598, 35.68450680849716], [23.80551616831829, 35.666823826185414], [23.795914728218413, 35.64787467642953], [23.804810568687703, 35.58566842343224], [23.81838543074768, 35.56495596933049], [23.82568410955681, 35.560903030636204], [23.93074060391631, 35.54764633524973], [24.020688506214228, 35.54764633524973], [24.02554521583776, 35.54939844732318], [24.040041156494404, 35.57334383364065], [24.05675641943965, 35.5798593043333], [24.0549007234369, 35.591585271152056], [24.0575976829957, 35.6017689647197], [24.063992706179164, 35.610140636238846], [24.073108566010912, 35.61542100602414], [24.117758519325317, 35.62813586335318], [24.165441550038494, 35.62354865365978], [24.195178671765124, 35.609614652978586], [24.20739262491511, 35.59695455777123], [24.22871193791974, 35.55078151715071], [24.229984183228044, 35.538058100331185], [24.225248585442923, 35.526180471893426], [24.201365596688827, 35.49357251038374], [24.19226351447193, 35.48796106147357], [24.17657219674818, 35.48499874511971], [24.188537587731346, 35.48014474598357], [24.211972912442523, 35.48627011822844], [24.245924354869143, 35.50521782618307], [24.25641389351581, 35.505727520218734], [24.26630178254558, 35.50218917886085], [24.277816098595114, 35.48817754560521], [24.290141740156432, 35.43975284010736], [24.291957314423385, 35.39026789642097], [24.340692860248822, 35.3762106961973], [24.424601456732848, 35.396421062019], [24.46384530624099, 35.38999729195417], [24.585763614058195, 35.41704745745716], [24.669617104672295, 35.449426879742525], [24.7211540442322, 35.45418062217371], [24.83849093184049, 35.431902425944415], [24.891091099947033, 35.45108925086071], [24.901465063977547, 35.45079095958622], [24.946496693265445, 35.436031644939455], [24.958489179638146, 35.44826838348419], [24.97647425912761, 35.450934582143084], [25.026724638271222, 35.44076058716566], [25.04105454410315, 35.43058255690536], [25.05764962804243, 35.43058295941575], [25.069622044913316, 35.425391126868966], [25.07945814309005, 35.41020352498252], [25.0751360818645, 35.38129795152776], [25.07742535347527, 35.37434050734073], [25.08279559085929, 35.37167535927326], [25.198505607001774, 35.37626432971115], [25.22733022234593, 35.36325286762538], [25.307007447479585, 35.37011531804987], [25.342763658529694, 35.36411458422315], [25.357858630803, 35.36984531475276], [25.37922223480972, 35.36992043750349], [25.391722758732293, 35.365044129890855], [25.437622026079296, 35.324630019954554], [25.452619304932444, 35.3217640145466], [25.655801027554375, 35.37598323636047], [25.71154846349941, 35.36262833524973], [25.77162664084317, 35.36211029521769], [25.78720327955605, 35.352771624029785], [25.793188379817018, 35.33831222936207], [25.788768781960762, 35.32069662242003], [25.770961487753777, 35.30217462683016], [25.78454993533502, 35.26845320022781], [25.785440638176222, 35.2549811828812], [25.77783733325833, 35.240760915784186], [25.761241592033173, 35.23090041032238], [25.748424024680435, 35.20723953866357], [25.751417548962493, 35.18699999720395], [25.7443125718248, 35.172547044629724], [25.748276828484464, 35.160123212905404], [25.761287980689158, 35.15882598761559], [25.798081989102588, 35.14324008386102], [25.81347492071615, 35.14641872972494], [25.829441093459682, 35.170431523900845], [25.865331217379843, 35.18644891960884], [25.87573872246916, 35.20187171741937], [25.885827448918143, 35.20955923310393], [25.970982125900928, 35.22165958092537], [26.0545627105837, 35.25957723005144], [26.068404896901324, 35.25908433403508], [26.12994261299251, 35.24022026567863], [26.144010318854054, 35.226754488230846], [26.164599745720828, 35.23143859008949], [26.171505201829177, 35.2444970796], [26.24201556967097, 35.304971267061994], [26.261825882660975, 35.31180061503727], [26.271870400432615, 35.33069621735104], [26.27926956710797, 35.33784891465974], [26.291371285072643, 35.34207809867916], [26.32372310710987, 35.34207796449986], [26.333594752232006, 35.33915009354144], [26.343230611411606, 35.330684753147175], [26.347861891323305, 35.31872385784208], [26.347212922814684, 35.308447640364754], [26.33264542664594, 35.27921402374903], [26.29913299048037, 35.251963906390486], [26.312044289053915, 35.22328980260922], [26.32557744518505, 35.22452399164744], [26.337565765296116, 35.21930563891114], [26.34568702889627, 35.20905887835462], [26.348029626396134, 35.19619562599298], [26.344042149533973, 35.18374367624045], [26.317719766141035, 35.14911638476319], [26.320214129376907, 35.13039656993378], [26.30207981461828, 35.08895540294607], [26.254969769195068, 35.01559611051539], [26.244513277226808, 35.00873600608489], [26.15157184084093, 34.975668213944736], [26.09923201958717, 34.97306275425348], [26.089641667204013, 34.97735513096682], [26.071425193430905, 34.9930043312761], [26.014883640743747, 34.994536252368356], [25.98365401621176, 35.00945825929688], [25.962251705979547, 35.00207864821021], [25.924387254166938, 35.00682285033142], [25.88748713664209, 35.00075577118948], [25.8099757435648, 34.97887891074451], [25.604770392315036, 34.986475417120865], [25.508832226606735, 34.957744914622054], [25.414296986306987, 34.966726650553476], [25.350172564278758, 34.964640909859185], [25.31087078345006, 34.9585659109004], [25.23024258454842, 34.92816836893706], [25.155960921384775, 34.92865101368823], [25.11006934727461, 34.91104296565778], [25.062049905921757, 34.916178022138126], [25.01893748750676, 34.90467791661593], [24.98144620389957, 34.91168034490387], [24.736663154266356, 34.904742820279196], [24.719999847837933, 34.912064849468244], [24.71391406406972, 34.9206713192157], [24.711595073238804, 34.93095384648837], [24.714473618392347, 34.94376242177965], [24.727625858655543, 34.9647286682014], [24.725186574193177, 34.99664775823712], [24.731867233602777, 35.02611826088801], [24.720786799273224, 35.05846223671974], [24.69989048038288, 35.0696567566587], [24.5575516158482, 35.0801427742035], [24.54816702178235, 35.08480763013036], [24.516782727465834, 35.11415290482237], [24.495133447544156, 35.12506063501635], [24.456135538300977, 35.12439425294556], [24.39115530990666, 35.151246397190626], [24.380082224492465, 35.16228309951568], [24.292744386089097, 35.15533293290231], [24.21205191897522, 35.1647743222492], [24.19663874941915, 35.174202871164255], [24.18114995477923, 35.171054048768426], [24.100532764454808, 35.176459854241266], [24.086149984820604, 35.16815819301486], [24.04735734701592, 35.16426996193295], [24.034681313835797, 35.168808161162836], [23.97966174026854, 35.20614862383604], [23.898574786543975, 35.20443939105286], [23.85399570399131, 35.210088329579], [23.825636867706994, 35.22313510553945], [23.7868040410979, 35.20815601091903], [23.716313334739606, 35.20962656594278], [23.685576323541937, 35.198957955016056], [23.673038657153477, 35.2009214915243], [23.65929779351033, 35.21059527894003], [23.581011781012325, 35.21325147346275], [23.56707204480705, 35.22153308250159], [23.55944480295531, 35.23743931031747], [23.538657347412467, 35.24400941459623], [23.49784810808259, 35.27651576578193], [23.491539016676185, 35.29048477261752], [23.49200940954019, 35.313948458615485]]], [[[25.718174924245403, 36.40400296252223], [25.75686123207057, 36.42621177155907], [25.776540545410914, 36.42710082958145], [25.814168163504533, 36.41411527594032], [25.8457019282629, 36.39199969730672], [25.871013701970867, 36.38538144932063], [25.880543977524034, 36.372627141449605], [25.881212051323047, 36.35671952695882], [25.866574688503515, 36.331920681017344], [25.850847800212684, 36.32363539138695], [25.838085817792663, 36.32480360959477], [25.814902374760933, 36.33522610437689], [25.778206843582584, 36.32691104174306], [25.74019228376914, 36.33176049503432], [25.726693706399853, 36.33962737643209], [25.706488907393872, 36.365737616772755], [25.70563334328282, 36.37587881597387], [25.709826763739354, 36.39130478505245], [25.718174924245403, 36.40400296252223]]], [[[25.377945383033637, 36.506269566059224], [25.431985886108528, 36.49342733190364], [25.502451677084697, 36.43796914177348], [25.51771352141259, 36.40343756180567], [25.515654475680556, 36.372354896828696], [25.487355722718995, 36.32723844261594], [25.477922860956213, 36.318731357519084], [25.421538392823187, 36.31145872644687], [25.351680956956724, 36.331724910155195], [25.338171313567624, 36.343552441900904], [25.3350904358678, 36.36124168055878], [25.343805972965463, 36.376940100377205], [25.355279709925796, 36.38293919835405], [25.396727417543943, 36.38899853295105], [25.406140182085114, 36.39841129749222], [25.402712423201802, 36.40922991874027], [25.392186785661025, 36.42042797430525], [25.389331406744542, 36.43250803048062], [25.3560041364622, 36.44274281287825], [25.34770868939675, 36.449473919579056], [25.3426802942607, 36.45889928332742], [25.341709090182093, 36.46953784535764], [25.346369290022448, 36.481998502732445], [25.365517016713547, 36.50089117055044], [25.377945383033637, 36.506269566059224]]], [[[24.96022336811026, 36.64831553380764], [24.971400744255927, 36.63757320233301], [24.98835940300679, 36.60724504795227], [24.99065300749216, 36.59712129556172], [24.983503079911006, 36.57804523124393], [24.965045455538274, 36.56942352626247], [24.911204373267626, 36.57798354315013], [24.83573539931554, 36.623919487321736], [24.826798777961926, 36.63284702961033], [24.816620115487197, 36.65339262633616], [24.81408858879317, 36.668562183650366], [24.81868453824843, 36.68058481004989], [24.830689650199705, 36.69019737388839], [24.87072493667095, 36.692057426964254], [24.96022336811026, 36.64831553380764]]], [[[25.186300686143806, 36.74608772086574], [25.2009312749511, 36.74144483198431], [25.21154054575615, 36.72713011041372], [25.209953947645342, 36.70136837155553], [25.202031722300546, 36.68669274952262], [25.104948749599238, 36.6124132771943], [25.09450364182066, 36.60970972385461], [25.06343370216844, 36.61122809412022], [25.047390832655076, 36.61982454674134], [25.040722314137067, 36.63401961696552], [25.042060533748895, 36.64707917337443], [25.086455151387906, 36.71923333823597], [25.139128191675383, 36.74586600367383], [25.186300686143806, 36.74608772086574]]], [[[25.23931141680242, 36.70283052718322], [25.228289778941853, 36.713539471813895], [25.224862822647545, 36.72593558312505], [25.23965094874571, 36.781600615081196], [25.248544635952456, 36.79057463796031], [25.292815635952454, 36.81791763796031], [25.305690341837167, 36.82190760288303], [25.31638608980158, 36.820242429460336], [25.32556382752565, 36.81450300812069], [25.363923906776943, 36.769960892904614], [25.417280747481758, 36.74815811709825], [25.43346300819104, 36.72458937024097], [25.4363251900121, 36.714157341723784], [25.43254146656264, 36.69852035205743], [25.420844237726413, 36.68799087725821], [25.42199335047007, 36.67607017931951], [25.417199418013084, 36.66334415747586], [25.3917410612976, 36.63413656113046], [25.375575552675976, 36.626866807681665], [25.365373296743346, 36.62793130264695], [25.32534698912065, 36.644433333959576], [25.255072454603837, 36.69976166475027], [25.23931141680242, 36.70283052718322]]], [[[25.396979083610876, 36.825899116438286], [25.396487601189133, 36.83671640557999], [25.400293642594214, 36.846853927376216], [25.43399652499163, 36.88103950963565], [25.4781935719832, 36.89762180265521], [25.49093467037681, 36.894510360892916], [25.502070596051816, 36.88348770092692], [25.505312126483243, 36.87077907635233], [25.504528227626935, 36.83175180289072], [25.499860963640224, 36.81968016528519], [25.49010412524637, 36.81117652534944], [25.431237918140198, 36.79589795088441], [25.421099042232047, 36.79923098185126], [25.405411700710225, 36.812179208737085], [25.396979083610876, 36.825899116438286]]], [[[25.59212257847137, 36.86244992533164], [25.583032909747168, 36.87537471499235], [25.582141477105953, 36.88857195661833], [25.58763682356531, 36.900603706531776], [25.601168621840547, 36.91123103975527], [25.583943942296447, 36.91894394229645], [25.57810206074799, 36.927686935886676], [25.57605066475027, 36.938], [25.580592446668096, 36.95297224846442], [25.588027751535584, 36.960407553331905], [25.59774244550801, 36.96443151132959], [25.613313064113324, 36.96289793925202], [25.622056057703556, 36.957056057703554], [25.62943151132959, 36.94325755449199], [25.62855074456084, 36.92983894658633], [25.641984398056017, 36.93743747741264], [25.658306544809204, 36.93713462209982], [25.700284714193145, 36.9129643434329], [25.710499405994828, 36.897965315126484], [25.711111240555706, 36.88747457597709], [25.707664327379927, 36.87754740422531], [25.69223423797178, 36.85961720966432], [25.682960567655485, 36.85404561123548], [25.606894991506216, 36.85684206670136], [25.59212257847137, 36.86244992533164]]], [[[24.616310658046288, 37.056076411274496], [24.627067422111338, 37.07107070871967], [24.642263, 37.07576333524973], [24.66438250622856, 37.074405137311985], [24.691630976392712, 37.05909242828503], [24.704852398700577, 37.062086763104034], [24.719788986766893, 37.057234749712414], [24.7756897449887, 36.997941489353465], [24.792330479609735, 36.95392667302567], [24.788089402400217, 36.934060362353826], [24.72331048026034, 36.88042607698856], [24.708150573670537, 36.8773663189308], [24.6959235805322, 36.88161453140097], [24.687087681724584, 36.891073578005056], [24.644430857721776, 36.96784232488474], [24.642252087598628, 36.978737925279425], [24.64500350873857, 36.991092994081896], [24.623478490080043, 37.00841321006455], [24.617504193806933, 37.017094247240664], [24.616310658046288, 37.056076411274496]]], [[[25.096414653928914, 37.08399780697763], [25.10888668527595, 37.09196027995118], [25.112228370398665, 37.10696456526975], [25.1329889146141, 37.1313808220582], [25.20067115811095, 37.1693818403934], [25.23694109393269, 37.17872852255086], [25.25246520427244, 37.17503763289573], [25.263537888678208, 37.1786669640938], [25.295900951023352, 37.1786660136573], [25.31015265206735, 37.17287586056386], [25.318914943270403, 37.160232320380594], [25.31853876432117, 37.14238029779659], [25.294081622338783, 37.09213194175501], [25.30193017468108, 37.0846545155898], [25.30619545956342, 37.07469719840495], [25.304627121934246, 37.04452607997314], [25.250317565689986, 36.985173453407995], [25.199616325083223, 36.96075306401585], [25.187380292805763, 36.958370398476816], [25.144676159003662, 36.96107991716891], [25.094652232006162, 36.987009270147155], [25.09172486800553, 36.97980583198765], [25.105758048241018, 36.96341744481986], [25.107036351924503, 36.94542886700041], [25.1023525274375, 36.93609702511197], [25.094473185457097, 36.929245933606836], [25.076729261700052, 36.92602472855623], [25.03522855251547, 36.94500484783559], [25.026383191859765, 36.951925665544636], [25.005954066206225, 36.977896068729244], [24.99917894715491, 37.011455797296975], [25.002324755270752, 37.020954628532124], [25.018397359496607, 37.042751625139715], [25.062377828642212, 37.06704911365612], [25.086778570249006, 37.06894491071227], [25.096414653928914, 37.08399780697763]]], [[[25.35390306774187, 37.01594830940483], [25.354299706627305, 37.026301507326075], [25.316107909036354, 37.07483983822147], [25.31682379132951, 37.09305774912748], [25.326703921631893, 37.105272580959536], [25.359048199285933, 37.11395792506222], [25.393400994643624, 37.14563024210762], [25.456358124743904, 37.18237081077247], [25.47541202026316, 37.20748644712657], [25.4873941127689, 37.214929763763614], [25.528543127218253, 37.22712094898154], [25.539087661909143, 37.227075706129604], [25.58739378389581, 37.20222856263532], [25.59575058178322, 37.19517773705852], [25.618495275125667, 37.14947950486902], [25.621970499749185, 37.098175957812074], [25.606146919836302, 37.008555809443585], [25.568724063780977, 36.94742073254127], [25.5393704001254, 36.93554527960185], [25.5020063592847, 36.90734743747098], [25.45573520948946, 36.89213742659365], [25.442509844608722, 36.89252105022938], [25.431060962956895, 36.89915283371838], [25.41021845478537, 36.92394774909715], [25.400791860647228, 36.94867106639385], [25.3675085975749, 36.97040600085721], [25.362334473005397, 36.98239116730545], [25.3635178020073, 36.99570048079854], [25.35390306774187, 37.01594830940483]]], [[[25.79628364209915, 37.06932319124278], [25.780271115179527, 37.07818153210634], [25.75717986340625, 37.11051050127236], [25.753596974322022, 37.12297575967941], [25.75750227586413, 37.13797195320356], [25.771440421361802, 37.14933990035645], [25.82806370596415, 37.16373312219441], [25.838520947600724, 37.16426929791903], [25.848393204896126, 37.160779323284906], [25.856190105198916, 37.153790064903525], [25.86073458366673, 37.14435666135502], [25.86046644503424, 37.12999467037287], [25.868870181638556, 37.1129525233013], [25.865831519874977, 37.097616262445825], [25.85585900292542, 37.08334697568582], [25.847183543719026, 37.07750927184161], [25.82441957081748, 37.07049049752544], [25.79628364209915, 37.06932319124278]]], [[[24.841416777448686, 37.43499277844064], [24.84463476721943, 37.444908607884344], [24.851375336454943, 37.45286120859747], [24.87246799757949, 37.46011266817845], [24.87499033875256, 37.478888043480886], [24.868467786699686, 37.512257016515676], [24.87572242458161, 37.52890348175679], [24.89189096272397, 37.53716864661665], [24.936942764333647, 37.53408127374268], [24.948728525847, 37.52720555539753], [24.97340754063079, 37.49481719392382], [24.984158557346685, 37.463848672929274], [24.983730967719136, 37.45339618138971], [24.97802699796214, 37.44136851663066], [24.98620697063873, 37.433003131430496], [24.990085056435497, 37.42371558886488], [24.99002184566889, 37.394600228444155], [24.983755710136435, 37.38338619052459], [24.975411063467725, 37.37732665542456], [24.890720356108154, 37.33806438486596], [24.874798331000697, 37.33749979211301], [24.859696297094974, 37.34816130843256], [24.855048536861663, 37.36066336171092], [24.856021343610276, 37.37184911640444], [24.842574934465915, 37.37891735724495], [24.835751274919378, 37.38980316365725], [24.835284421446364, 37.40514762521085], [24.84395627735656, 37.419999595224965], [24.841416777448686, 37.43499277844064]]], [[[25.28087998286746, 37.4659999857833], [25.280874749090806, 37.47942766824029], [25.29305276444381, 37.50670165905293], [25.334764606503168, 37.53160383670476], [25.34727970794166, 37.53506392038641], [25.3622497243333, 37.53099284271751], [25.376118752806125, 37.51518118080446], [25.390474066658808, 37.52046746009966], [25.401654917715966, 37.520166868278295], [25.47432547437429, 37.494445950665174], [25.48441489020883, 37.486268194037194], [25.489798111903422, 37.47171491432611], [25.482814001984675, 37.43739457799359], [25.475895870230122, 37.42653896571878], [25.464731714037516, 37.42013065226345], [25.42924412613852, 37.41341853307659], [25.424073125261557, 37.401875229515426], [25.414221669170985, 37.393843801848625], [25.30872769809792, 37.38504058979614], [25.29159252295508, 37.38980644273374], [25.28115810197463, 37.40420958267618], [25.28278274289772, 37.44123239324074], [25.288414013172414, 37.45323421158695], [25.28087998286746, 37.4659999857833]]], [[[24.76671029298815, 37.63418504050809], [24.767033779275682, 37.58794182496481], [24.760256116432124, 37.5766110262593], [24.748909749028755, 37.56985945905802], [24.714914989216403, 37.56681372914866], [24.653695243923544, 37.5806023690588], [24.64190301565232, 37.58662360440096], [24.633599949640217, 37.60008563538928], [24.634279978741194, 37.615887684115734], [24.643708862597208, 37.62858663418105], [24.68256228526098, 37.64013568616229], [24.70945705652157, 37.65717311710505], [24.7420019174938, 37.65743928531888], [24.759404231990107, 37.645663305266666], [24.76671029298815, 37.63418504050809]]], [[[24.668955941589033, 37.97664013563478], [24.683533598593254, 37.99075904258952], [24.768982598593254, 38.025223042589516], [24.784469936889828, 38.02663135799295], [24.80893045650913, 38.0163270712845], [24.816475630073707, 38.008511110615515], [24.820594913832352, 37.9958356543382], [24.84246650513565, 37.98701875596223], [24.850788953250223, 37.98033626280053], [24.85586450167881, 37.97094703143556], [24.862828687683226, 37.93845934571072], [24.879383963262462, 37.93294133524973], [24.956394911628752, 37.93282260543526], [24.970334028469217, 37.92732593017831], [24.985611216348715, 37.91250658178467], [24.990439061711903, 37.900273239712874], [24.98972360334295, 37.88973772665934], [24.976243387596618, 37.85394346063716], [25.001868472332273, 37.83690041490265], [25.00980421485638, 37.82621979641307], [25.01054774044621, 37.80779197113986], [25.000104057894966, 37.79379021112684], [25.015502361287858, 37.78087162730551], [25.021226478653197, 37.75661362262568], [25.017126891058997, 37.73962092489538], [24.990962137269996, 37.70580933524973], [25.058806967223617, 37.705226599321726], [25.082818003624517, 37.69469132422574], [25.093614068218255, 37.67868528474927], [25.103884747229902, 37.68070309095824], [25.128098997554616, 37.678088506009225], [25.14759844886096, 37.66652057336534], [25.158087992904576, 37.67191756415722], [25.169062737641593, 37.67243002882365], [25.262145321900526, 37.64549792865647], [25.269116546835534, 37.63740356362833], [25.278225783654126, 37.61758000436839], [25.285477668110257, 37.59638657810033], [25.285928441629565, 37.58596439579411], [25.28092818644162, 37.57397158657607], [25.258855411942264, 37.549406720906276], [25.248151228648386, 37.5203405107506], [25.239769700782173, 37.51352700842859], [25.21808330574315, 37.506035775795304], [25.16017782140438, 37.513519845030196], [25.111033395953783, 37.53315608079045], [25.033299627155476, 37.59391227074606], [24.98079004296092, 37.617059844176005], [24.960587882352495, 37.64538019963633], [24.95745956118948, 37.65931908628144], [24.94270624138039, 37.66375893746587], [24.894988347180348, 37.70295108355889], [24.873748519874006, 37.74451992982168], [24.84999157009557, 37.75161289968171], [24.810682435681407, 37.79128643126937], [24.795698550865183, 37.789377614079825], [24.783407395088055, 37.79473219493209], [24.775217305352136, 37.80534664152899], [24.769453309098953, 37.83043923107776], [24.736004749448124, 37.85935994296453], [24.724539030658292, 37.853483669622136], [24.713995407633085, 37.85223341429001], [24.7037871517917, 37.85515276996722], [24.695498788778917, 37.86178859421606], [24.6897528594505, 37.87369777440952], [24.689985443673315, 37.88849538082437], [24.663067549582394, 37.915526970132234], [24.65748187534707, 37.927113518335375], [24.658724256126735, 37.94243250817929], [24.66739616631545, 37.95399247656064], [24.668955941589033, 37.97664013563478]]], [[[25.558733539515142, 38.63623622588135], [25.567634246046136, 38.63521278309739], [25.580322581508756, 38.63866572581805], [25.592944179235616, 38.63578955200513], [25.639349624696912, 38.600367255485935], [25.647334173640246, 38.59026738789502], [25.64818262465711, 38.569996860623675], [25.63779478165114, 38.55672312843272], [25.62815562548192, 38.52157404310619], [25.616223060967314, 38.51084890880882], [25.60300257119709, 38.50847012194368], [25.576203728329766, 38.51305862414795], [25.561035871089274, 38.50839767955667], [25.54595150813891, 38.512857568265304], [25.535025857597102, 38.527481068135835], [25.533852664750267, 38.551359160783186], [25.49893305406655, 38.585685278117445], [25.496267683124334, 38.598235558103084], [25.498549229258785, 38.60827958766451], [25.516187604349366, 38.62796496373486], [25.52813280190197, 38.63339066130145], [25.5444184134849, 38.63124544842046], [25.558733539515142, 38.63623622588135]]], [[[24.449323059836285, 38.85412071240803], [24.435215186941278, 38.851065995451215], [24.422635488495853, 38.85471553836528], [24.413262298068926, 38.8638649251032], [24.409309870258785, 38.876352770828746], [24.414379825959013, 38.90849142992526], [24.42074251225012, 38.91711410238266], [24.434931677180685, 38.92614441407581], [24.436015632579448, 38.97750089185677], [24.44166706373128, 38.98633811824133], [24.45026440767717, 38.99234818656972], [24.48314615932503, 39.006656926511525], [24.49913118989744, 39.00686024458466], [24.57338319108349, 38.96794786844693], [24.593564880866445, 38.951120422489595], [24.60050964741147, 38.93736847480315], [24.60428730947778, 38.89246453610035], [24.65727296232105, 38.86429952023909], [24.696778521308907, 38.82753698053521], [24.701938160198235, 38.818725887118454], [24.709023975097608, 38.790753986160766], [24.708992291775424, 38.77761397444833], [24.698804434469636, 38.76251167846401], [24.66343839793065, 38.74294938064237], [24.60875028851378, 38.746622187023476], [24.59282436772769, 38.75616699790889], [24.58734628605219, 38.745245158176544], [24.579266483381705, 38.73869950254275], [24.56930993751909, 38.73570016705704], [24.558959009679615, 38.736693702024816], [24.547800333217214, 38.74326953458116], [24.507634631454735, 38.78546052658344], [24.50545374572732, 38.795680506350315], [24.507324602398256, 38.80596175842913], [24.512965892265225, 38.81475835422683], [24.522787838285588, 38.821230541632985], [24.507800949952454, 38.817650554783256], [24.49478294665497, 38.81958749476751], [24.48601200915311, 38.82548213303199], [24.47985161680797, 38.83523711522499], [24.46928726771976, 38.839344603657025], [24.449323059836285, 38.85412071240803]]], [[[24.975724412701176, 39.578808737841214], [24.990884081268614, 39.588259071850935], [25.019720401732137, 39.58975398421133], [25.064302716123002, 39.56632467284377], [25.070990011163353, 39.55833870723443], [25.074149356347267, 39.54841328030762], [25.06630978325844, 39.51325013223737], [25.061032206302027, 39.50326758834493], [25.0015569480832, 39.445821267219834], [24.986637272221127, 39.44009441132479], [24.973487062192273, 39.44256051499426], [24.961656126240385, 39.45330400422143], [24.946730747924022, 39.51322172062162], [24.95208630739704, 39.548919712602746], [24.958516035439416, 39.55767031682478], [24.970005662753923, 39.56506486531047], [24.975724412701176, 39.578808737841214]]], [[[25.009575826079892, 39.97578807009294], [25.006555061861476, 39.98580246355463], [25.007527910349527, 40.00289115126561], [25.01224156837947, 40.01198731784518], [25.022304805429872, 40.01983621207057], [25.128668206544628, 40.0355557133802], [25.14106767057909, 40.034352237495646], [25.16086525443984, 40.02364434742351], [25.21988869230744, 40.03529609033255], [25.23243893355943, 40.03479006930445], [25.275326173403478, 40.01373614204248], [25.29856342507765, 39.98892309346297], [25.32281818895055, 39.99982528649133], [25.329481459637297, 40.0098883872596], [25.363580459637294, 40.0421143872596], [25.374541483560762, 40.048398281636196], [25.40803560915868, 40.04947733524973], [25.45108173530341, 40.06312252779111], [25.468084530143386, 40.056071128620715], [25.476594564235796, 40.03974946870585], [25.475046322144422, 40.02656034751013], [25.468068412862507, 40.01622972699246], [25.4764340669279, 39.993028717211466], [25.47454584502176, 39.977573538340465], [25.46442415992698, 39.96574224818496], [25.418836317730573, 39.94230432026453], [25.413866127005992, 39.93629960318966], [25.415813420494864, 39.91766060238651], [25.412936376179772, 39.90726104387832], [25.406210375835975, 39.898823679329396], [25.394790970551835, 39.8932250287683], [25.38977274367022, 39.88244799933081], [25.380722391501426, 39.8749467239944], [25.38238592944963, 39.864034769377284], [25.37839126879168, 39.85137086357354], [25.395346308517727, 39.8259532226609], [25.395225403371526, 39.80795548825924], [25.38800051258818, 39.797173592980826], [25.378019153913904, 39.79114584547543], [25.368408862312766, 39.769000637603625], [25.352398521749517, 39.76093477271006], [25.33955660743675, 39.76241280135042], [25.281006867996947, 39.78481204857186], [25.27177181064906, 39.794468889370386], [25.26734427761443, 39.80930071142951], [25.256101869266402, 39.81478527417256], [25.242594696575143, 39.830451307829144], [25.239924378700533, 39.830774496901945], [25.24791879505738, 39.81189775788554], [25.245833050510875, 39.79940261507962], [25.231698533037473, 39.782640052434175], [25.21732463803162, 39.77660806225946], [25.133039659393745, 39.792139667539125], [25.12238503220672, 39.80001540343369], [25.116541123385456, 39.813656603174394], [25.104898650550275, 39.82543817823791], [25.051588130685047, 39.81102785341546], [25.041198481032122, 39.811285160618446], [25.0316787770567, 39.81545484443472], [25.02444479762369, 39.822916785768584], [25.020572386605632, 39.83256123805031], [25.024043848785503, 39.851570394871935], [25.020237404829068, 39.862814945811095], [25.020098664750268, 39.878567], [25.027610462045228, 39.907344779400745], [25.035226666480426, 39.919002789312266], [25.02180104388206, 39.938028554371805], [25.019284594269237, 39.96549550655503], [25.009575826079892, 39.97578807009294]]], [[[25.721681115888636, 40.42707105333089], [25.713683139607195, 40.41295755860466], [25.692056316879608, 40.39783574262945], [25.59307761431041, 40.37148154727417], [25.562163542994174, 40.37340381813902], [25.44937876440615, 40.4347966324421], [25.420105074846894, 40.46855987865425], [25.417039573446324, 40.48681509358171], [25.422663302913097, 40.49892958397544], [25.435961441054417, 40.507742838955885], [25.456730954967007, 40.508624394742995], [25.541855108900403, 40.541846971263986], [25.580976044243503, 40.54117468584105], [25.679235902980153, 40.513421699407864], [25.689178837893667, 40.50816340802214], [25.72248287092853, 40.4711598877595], [25.724355495311176, 40.45853055828392], [25.719675851161558, 40.44515694220149], [25.721681115888636, 40.42707105333089]]], [[[24.49894990728946, 40.61889380713868], [24.490789162350737, 40.63196436768879], [24.48519207388446, 40.66981418387967], [24.511392112389636, 40.73379466678939], [24.550127516654683, 40.77684269633447], [24.632497244941643, 40.829058657106955], [24.648263306030753, 40.83021385667642], [24.74269794407604, 40.808118087133586], [24.75297589265834, 40.80005595106072], [24.76292884909472, 40.78136608173712], [24.790823926056476, 40.770864774258094], [24.811343428485223, 40.745226163692834], [24.813219304772026, 40.732533524929096], [24.80961222667241, 40.72144287405741], [24.813205054913833, 40.71049787760327], [24.812789882088186, 40.682529622829236], [24.80688362348926, 40.67043554040526], [24.795347816884288, 40.66254096177407], [24.80680111677647, 40.608409258009246], [24.801996556406877, 40.59646966385478], [24.78982706771525, 40.587068217993284], [24.77706122233942, 40.58543392892502], [24.763345308251182, 40.589252997185405], [24.75268874010162, 40.58279823821784], [24.692004762608903, 40.56958547734953], [24.654109910108502, 40.54641826945363], [24.638951414067645, 40.54387890570189], [24.624870057568504, 40.55003875713097], [24.603639866218565, 40.57162866475027], [24.59293602091481, 40.57278909407837], [24.583662522704895, 40.57774588214078], [24.57699180818321, 40.58587417130365], [24.57386636729266, 40.5974237932341], [24.5103821273421, 40.612925895921094], [24.49894990728946, 40.61889380713868]]], [[[27.0191371609464, 35.46366991138665], [27.03406489231231, 35.45312564534603], [27.040304651186975, 35.43164327380796], [27.03822610813019, 35.42095960474595], [27.031311163118442, 35.41128829566616], [27.0326245807809, 35.38915308567865], [27.027301800042615, 35.37994632807168], [27.018831734121914, 35.3735155922102], [26.96702154288281, 35.364332863326275], [26.87890730881649, 35.32249057650103], [26.861788170266294, 35.32691649240108], [26.82469758076804, 35.359555878341716], [26.82156365813172, 35.37485810525117], [26.82588706227122, 35.387196834798196], [26.869246077480625, 35.424834737383875], [26.886454528888482, 35.447663776113444], [26.90215480975603, 35.451387080907615], [26.925248207697358, 35.445472372988014], [27.005956975008992, 35.46395903273172], [27.0191371609464, 35.46366991138665]]], [[[27.07957824601851, 35.49393008623739], [27.086226259266024, 35.500843986798166], [27.081978298402742, 35.51941240873419], [27.085497653044246, 35.544865913289], [27.047240264096313, 35.571609140446], [27.04227651187516, 35.58053109327212], [27.041273939801194, 35.59321025471277], [27.064350226026928, 35.64272828611398], [27.09209077793947, 35.660306873851965], [27.104668090403695, 35.7069348820504], [27.130064740324045, 35.732317140087694], [27.134518118571997, 35.749161261684165], [27.12980015924285, 35.801378255162895], [27.131934604204158, 35.81172748931936], [27.139871771135113, 35.82222513603584], [27.16104854345168, 35.83367693470623], [27.171400010452608, 35.83560833900676], [27.18202363170699, 35.83326805508098], [27.214110583220087, 35.85531491039395], [27.232499655987844, 35.853602758518505], [27.25238551259664, 35.840447193480756], [27.25933645844338, 35.823887601643804], [27.257922748684642, 35.813587235202185], [27.23966362226282, 35.773211362914985], [27.24530012560823, 35.72145782639595], [27.239594555148248, 35.709047274196784], [27.211748955401717, 35.68123704425379], [27.18424132781333, 35.62842389788366], [27.203517971565415, 35.61494540424976], [27.24576810614103, 35.56133813524004], [27.24737589238114, 35.546109737490156], [27.241960569240568, 35.53424351218326], [27.256068231272362, 35.518298417670486], [27.260041883795896, 35.506070788045385], [27.257124311432886, 35.46143886983666], [27.251181484977266, 35.45287722421119], [27.239956325483053, 35.44635738039487], [27.229574955041606, 35.44543753809578], [27.208426521050203, 35.449671727689726], [27.19530393755997, 35.445318492276314], [27.196993036258004, 35.423968632403465], [27.184936865295754, 35.40428776654514], [27.14869234143412, 35.380097565550116], [27.130765196146456, 35.37761083943734], [27.11530778976728, 35.38702545217255], [27.109346006107305, 35.402900669782326], [27.089343532802136, 35.412796688168044], [27.068912288762547, 35.43982090436009], [27.066146494983904, 35.44993914718726], [27.067953201667475, 35.467473954183376], [27.07957824601851, 35.49393008623739]]], [[[29.6077507521511, 36.112802747663984], [29.594, 36.11006755300036], [29.5802492478489, 36.112802747663984], [29.56859192306193, 36.12059192306193], [29.56080274766399, 36.132249247848904], [29.55806755300036, 36.146], [29.56080274766399, 36.1597507521511], [29.56859192306193, 36.17140807693807], [29.5802492478489, 36.17919725233602], [29.594, 36.18193244699964], [29.6077507521511, 36.17919725233602], [29.619408076938072, 36.17140807693807], [29.627197252336014, 36.1597507521511], [29.629932446999643, 36.146], [29.627197252336014, 36.132249247848904], [29.619408076938072, 36.12059192306193], [29.6077507521511, 36.112802747663984]]], [[[27.6609520172823, 36.14461246917187], [27.657660106564265, 36.16250541062623], [27.664584417440437, 36.17657004373183], [27.74162029813139, 36.21366731180181], [27.78430744448508, 36.28939467222836], [27.792733711162096, 36.295028983970596], [27.82336409483477, 36.304818501690946], [27.88753489690937, 36.36421804661901], [27.95008796315712, 36.382183002668434], [28.10980076811932, 36.45321414869647], [28.173039774932064, 36.45198121420771], [28.196500671810384, 36.47606942555616], [28.206097198905436, 36.481272662828765], [28.219679569055337, 36.481788455555176], [28.242056521153117, 36.47440889001179], [28.255233659340178, 36.46182722682168], [28.26666566286025, 36.434002045092434], [28.263952844760386, 36.42065491245782], [28.255402260423885, 36.40988539948085], [28.26304922453861, 36.37661497927124], [28.26067216403471, 36.36145009024198], [28.252545227850884, 36.35150105050053], [28.23564727849698, 36.34101927029058], [28.229260954385552, 36.31074332580232], [28.200146471268745, 36.277459520926776], [28.18802456907927, 36.22669889707739], [28.170360685434257, 36.20895909325611], [28.152666129604572, 36.17006115687297], [28.14066954028542, 36.1604772106249], [28.120575378042076, 36.158502664750266], [28.11390596243017, 36.148449089140314], [28.104809095136876, 36.142711370715034], [28.099125596008026, 36.131277127470135], [28.114759092700258, 36.12327312303725], [28.123117972485147, 36.107358495060794], [28.12083623493762, 36.09203975283419], [28.108838334351496, 36.07485254335985], [28.116557857295888, 36.0554032367143], [28.110827033961865, 36.038504618316146], [28.103018622024674, 36.031744184010606], [28.090653395229182, 36.02819187084962], [28.036164044249716, 36.04097891032601], [28.00265139273736, 36.036072104213964], [27.95020525565985, 36.004646641807184], [27.88222349436266, 35.92156737334667], [27.839555408047296, 35.889710192628726], [27.790260318820568, 35.86494188758286], [27.77768114970144, 35.86323397214295], [27.72015522459812, 35.89124339148856], [27.710374182945344, 35.899979177227735], [27.68745805198326, 35.94213868013084], [27.685369265114474, 35.95462565616497], [27.68921307667699, 35.96668852123642], [27.702208293853896, 35.98177707947975], [27.727467313707603, 36.043312968594954], [27.72935711757446, 36.07293726036366], [27.687492531395797, 36.110643149794335], [27.68198916924969, 36.12926411888563], [27.667923108363464, 36.136712209522535], [27.6609520172823, 36.14461246917187]]], [[[27.52322422372248, 36.26680245111658], [27.62590794952828, 36.26786216200787], [27.636551888941217, 36.26058829628641], [27.641842519706955, 36.25169287510743], [27.64557595337706, 36.229494861038305], [27.64406425454466, 36.21909261487383], [27.630127590545367, 36.19844577142265], [27.61659669747688, 36.19033900251529], [27.58388596327519, 36.185621353770344], [27.50921569740572, 36.19171136216395], [27.50018739824162, 36.19746188795862], [27.494109854046673, 36.20627336849653], [27.49097047950336, 36.236037377849215], [27.494973092978025, 36.245806148303906], [27.507442228718215, 36.2590712481688], [27.52322422372248, 36.26680245111658]]], [[[27.34651771400151, 36.50493947800135], [27.366837523588188, 36.50422860040505], [27.388318200135735, 36.49066013606844], [27.40137752440803, 36.465681402518456], [27.41874688622042, 36.45433514751515], [27.423700912754416, 36.440105373202776], [27.448963742011543, 36.441115476149456], [27.464989709596725, 36.42901249723084], [27.47127822780955, 36.408813643459496], [27.47024851632286, 36.39603532859863], [27.44265942464273, 36.36243620266685], [27.42993040032325, 36.35830317313885], [27.36897847493272, 36.35660930133026], [27.357845314763146, 36.36406754206091], [27.33677643304584, 36.39280655320391], [27.321134361292977, 36.38513238660181], [27.305814546196178, 36.38601001973366], [27.274032064722462, 36.41327639250181], [27.270044523773773, 36.42514930234373], [27.270247227960883, 36.4679808252794], [27.280112118815147, 36.49092953017707], [27.28847802121773, 36.49751052940789], [27.29873948088291, 36.50033901299908], [27.309295706241407, 36.498973736446], [27.319891670189158, 36.492265424163826], [27.34651771400151, 36.50493947800135]]], [[[26.339990135732897, 36.65321712698488], [26.347789178367155, 36.660687352915915], [26.357894871060303, 36.66449580623234], [26.397188696202434, 36.663212350513035], [26.442158049126963, 36.64302300825278], [26.481259575843726, 36.6125420012259], [26.491444061109114, 36.59157246771556], [26.492547168582345, 36.57810509854148], [26.48313964007932, 36.56191732626572], [26.462637338959613, 36.55102749195271], [26.449533406155282, 36.5504457086437], [26.43799478830004, 36.55590299693688], [26.420183629832884, 36.548296270155696], [26.386978512099194, 36.546216727156505], [26.375892176280868, 36.53213075499526], [26.375512818418834, 36.508729067355226], [26.3674733782595, 36.4955691242192], [26.35608801943126, 36.4894901988694], [26.314077872036957, 36.48085177429578], [26.284802810268996, 36.49167848421495], [26.264138042337798, 36.51875087371056], [26.243831065931094, 36.53253938074242], [26.239011769319145, 36.547843925953636], [26.24330363201131, 36.56265235908747], [26.235287070917956, 36.58131357105312], [26.23484293366517, 36.591690951677], [26.24644945872045, 36.61399636123234], [26.254846601313616, 36.620256877468954], [26.26499634193001, 36.622843155238016], [26.27999140579302, 36.61935688101133], [26.290507539184745, 36.62319411270553], [26.301058875300047, 36.62278928034315], [26.338875511179072, 36.60192292931663], [26.346680852855144, 36.608488436799945], [26.335728323121064, 36.625228202361555], [26.33534063962159, 36.640598669349934], [26.339990135732897, 36.65321712698488]]], [[[27.747120701072166, 36.552211327244834], [27.734922929586798, 36.56605446003333], [27.733756111312523, 36.581912438832724], [27.738170069373353, 36.59164789150559], [27.760857389413346, 36.61745078592418], [27.76395283507774, 36.62930177799789], [27.770605788742316, 36.637556328461216], [27.79107905718093, 36.64909690321015], [27.803732041108958, 36.65109856739363], [27.8365065792281, 36.67111072724132], [27.8659806530784, 36.67320252712684], [27.88146120525939, 36.66426884778537], [27.889534326443737, 36.642682370102236], [27.901057642258905, 36.628421497296834], [27.90364570961355, 36.61797619865676], [27.900371396204765, 36.60399612254909], [27.90347860851751, 36.53788244682766], [27.90022250230864, 36.527895920883125], [27.89339594463518, 36.519912748680596], [27.850414887563254, 36.50198181337548], [27.822847469750194, 36.50162960733851], [27.813209014979197, 36.505692888924], [27.805843674118908, 36.51311998940988], [27.801861015423494, 36.52279203662499], [27.80141384907104, 36.53555565729079], [27.781434440817158, 36.5423851985515], [27.77249229195842, 36.54892366475027], [27.747120701072166, 36.552211327244834]]], [[[27.200104992299092, 36.63850855782363], [27.228045362558984, 36.60269663711429], [27.232432040275167, 36.59267588096876], [27.231789297518237, 36.579071118350456], [27.217055831822385, 36.549239720879775], [27.20619511323669, 36.54262905365954], [27.16180361991073, 36.533423869842], [27.12224421162525, 36.54363649540367], [27.11111855375521, 36.55003542547444], [27.10421443672858, 36.560854840300316], [27.099306705547626, 36.5824523495024], [27.102564975163826, 36.593102913830506], [27.11850688616673, 36.61947886760772], [27.160076416135, 36.64116565679431], [27.18759442390533, 36.64255766133937], [27.200104992299092, 36.63850855782363]]], [[[26.95088751167808, 36.80709358281878], [26.963561864237338, 36.807833452547285], [26.979169221573486, 36.801225907614665], [27.002224814599955, 36.82814022373277], [27.046934969373623, 36.86220066837941], [27.14560848915366, 36.91197683937741], [27.131327038890078, 36.92152312627965], [27.127542220625223, 36.934], [27.134119951913704, 36.94988004808629], [27.145618704590007, 36.95602625944132], [27.158594220094436, 36.95474828271001], [27.16867296110992, 36.94647687372034], [27.172457779374774, 36.934], [27.1663648603338, 36.91871069734654], [27.277112203617378, 36.93458082324077], [27.28963962157905, 36.933408827652194], [27.300269628114616, 36.92667735415081], [27.30784207171789, 36.916042219634114], [27.356195968819847, 36.90415534402041], [27.378424824064076, 36.87787658121288], [27.382630615923947, 36.86580634113744], [27.37972416619654, 36.85081168047674], [27.36913453632591, 36.8398049989809], [27.331958499776224, 36.82314041534032], [27.22576001125308, 36.798869008473], [27.139469006135744, 36.735619391097266], [27.08050827340736, 36.734400527395216], [27.047509830772306, 36.74618343943903], [27.010208011831576, 36.731743787175304], [27.012913032325415, 36.721504395990564], [27.011465675990497, 36.71101904407616], [27.006091865495023, 36.701899855192934], [26.99644543365822, 36.69506245903419], [26.999803979881253, 36.68064192523058], [26.99732782896972, 36.66749451301058], [26.988834239633903, 36.65715794145064], [26.97641642598005, 36.65217962090275], [26.9631347128816, 36.653786440304465], [26.922667039966555, 36.670123471744986], [26.895493688109756, 36.70091389513102], [26.890973513155014, 36.71295560388993], [26.90360153788767, 36.78016964096068], [26.91577150547044, 36.79042708778846], [26.931180342964357, 36.79209266160655], [26.95088751167808, 36.80709358281878]]], [[[25.767900832748936, 36.833341883023536], [25.80714325836554, 36.82908078548556], [25.822923040258047, 36.831913075277534], [25.818850576965318, 36.85375892527324], [25.82911818380572, 36.87097659605517], [25.92545074358517, 36.90908657596956], [25.924611674298188, 36.92522377844993], [25.934522699711728, 36.94000119374134], [26.00158495666193, 36.96551648556261], [26.019369361175873, 36.96223453468444], [26.05058044703783, 36.9355333475444], [26.08908983865612, 36.91609430080612], [26.096710027121773, 36.90887318096574], [26.10099289892236, 36.89928835685985], [26.09884312212866, 36.88128678964882], [26.088127250613073, 36.86992054457155], [26.075545879961638, 36.86636038393243], [26.013645698819627, 36.86445792077742], [25.93864008345572, 36.81994628394444], [25.893761042733896, 36.77202997301106], [25.803139499979636, 36.746195870013224], [25.754718009290205, 36.74302832593378], [25.744719851393402, 36.74528495791444], [25.734574605264978, 36.75303717808313], [25.71405831639205, 36.784841029149135], [25.712645322994476, 36.80050552697271], [25.720217147228553, 36.814291045467655], [25.734194756799827, 36.82150211148311], [25.748264361659388, 36.82027189383091], [25.767900832748936, 36.833341883023536]]], [[[26.752072342452895, 37.15768907799752], [26.745825688033612, 37.18090236353879], [26.75079711295277, 37.19836393685851], [26.758464406067166, 37.20555766361349], [26.79633761381507, 37.2244222625381], [26.813819486814726, 37.22663665496586], [26.865004671033294, 37.20956187140474], [26.87571787661571, 37.194647537209285], [26.875281911446248, 37.17788383226378], [26.885652424828425, 37.16970639771347], [26.91103594351402, 37.128576329012944], [26.91374343835167, 37.10371026543589], [26.91660212807543, 37.100683930518166], [26.999335473441803, 37.07224001911966], [27.009929884397533, 37.06123371461498], [27.012962335249732, 37.044852503825986], [27.02252376798535, 37.03736498231954], [27.03390968686192, 37.03926743853927], [27.04645371979871, 37.03540008322822], [27.066023498447187, 37.0121656389671], [27.071190422545907, 36.99770916801503], [27.06751355908322, 36.9775049240537], [27.072981747081048, 36.9682967114146], [27.074432189312734, 36.9577105275304], [27.061703986905655, 36.928581568850326], [27.05383556543375, 36.92170705483353], [27.043943777833206, 36.9183420084011], [27.00981972923359, 36.92268210297395], [27.00243598092879, 36.91042590982107], [26.991658812676228, 36.90385544969973], [26.96073900620245, 36.90402404457164], [26.945752675158634, 36.89898908627787], [26.931013949545402, 36.90294215481799], [26.916176670944562, 36.91772183394165], [26.895220866190556, 36.92441081330801], [26.886108801444212, 36.937136392744776], [26.885045472162272, 36.950194176866894], [26.888757853393614, 36.9600362135724], [26.89992609803164, 36.97269714161547], [26.899332558181264, 36.988869808466895], [26.911965497521912, 37.01135636961102], [26.865860535624023, 37.057230034267405], [26.85881116699755, 37.07273163065793], [26.838864275662978, 37.07389053529606], [26.818576143380767, 37.092959717464765], [26.807787577807307, 37.094618388919976], [26.798833000012763, 37.10016686281603], [26.78585025813123, 37.11825345233676], [26.783917589282716, 37.13429569955102], [26.76065481862605, 37.14766064966392], [26.752072342452895, 37.15768907799752]]], [[[26.773010072655985, 37.26175798489388], [26.75898992734401, 37.26175798489388], [26.746037002047444, 37.267123262224125], [26.736123262224126, 37.27703700204744], [26.73075798489388, 37.28998992734401], [26.73075798489388, 37.304010072655984], [26.736123262224126, 37.31696299795255], [26.746037002047444, 37.32687673777587], [26.75898992734401, 37.33224201510611], [26.773010072655985, 37.33224201510611], [26.785962997952552, 37.32687673777587], [26.79587673777587, 37.31696299795255], [26.801242015106116, 37.304010072655984], [26.801242015106116, 37.28998992734401], [26.79587673777587, 37.27703700204744], [26.785962997952552, 37.267123262224125], [26.773010072655985, 37.26175798489388]]], [[[26.59402295021338, 37.26878150278683], [26.588172973019486, 37.25709687322322], [26.577514055347887, 37.249537754539276], [26.567184672488438, 37.247699962356904], [26.540555717593158, 37.250858330511676], [26.526643400607295, 37.25883500661589], [26.519678811366326, 37.27362952294802], [26.505244243384862, 37.28723839495102], [26.50169105860132, 37.30260326364744], [26.511622708271265, 37.340811931100944], [26.509659385486536, 37.37614906865024], [26.513070017454407, 37.38621767579382], [26.522317597690343, 37.39569156980774], [26.534960836015713, 37.39961851934329], [26.57539561103533, 37.40049810923541], [26.613160755611812, 37.378222061332075], [26.622078354746428, 37.369003119727154], [26.632313981540104, 37.34592197272299], [26.632275403033585, 37.33301165701086], [26.627875886422288, 37.32362698837444], [26.617976848371164, 37.31533923923788], [26.60535896613491, 37.31260669683924], [26.591250854533563, 37.315277319162604], [26.59402295021338, 37.26878150278683]]], [[[26.747594220094438, 37.36125171728999], [26.730405779905563, 37.36125171728999], [26.71825171728999, 37.37340577990556], [26.71825171728999, 37.390594220094435], [26.730405779905563, 37.40274828271001], [26.747594220094438, 37.40274828271001], [26.75974828271001, 37.390594220094435], [26.75974828271001, 37.37340577990556], [26.747594220094438, 37.36125171728999]]], [[[26.976313064113324, 37.43710206074799], [26.966, 37.43505066475027], [26.95568693588668, 37.43710206074799], [26.946943942296446, 37.44294394229645], [26.94110206074799, 37.45168693588668], [26.93905066475027, 37.462], [26.94110206074799, 37.47231306411333], [26.946943942296446, 37.481056057703555], [26.95568693588668, 37.48689793925202], [26.966, 37.488949335249735], [26.976313064113324, 37.48689793925202], [26.985056057703556, 37.481056057703555], [26.99089793925201, 37.47231306411333], [26.992949335249733, 37.462], [26.99089793925201, 37.45168693588668], [26.985056057703556, 37.44294394229645], [26.976313064113324, 37.43710206074799]]], [[[26.49862612822665, 37.52720412149598], [26.478, 37.523101329500534], [26.457373871773353, 37.52720412149598], [26.439887884592892, 37.53888788459289], [26.42820412149598, 37.55637387177335], [26.42410132950054, 37.577], [26.42820412149598, 37.59762612822664], [26.439887884592892, 37.61511211540711], [26.457373871773353, 37.62679587850402], [26.478, 37.63089867049946], [26.49862612822665, 37.62679587850402], [26.51611211540711, 37.61511211540711], [26.527795878504023, 37.59762612822664], [26.531898670499462, 37.577], [26.527795878504023, 37.55637387177335], [26.51611211540711, 37.53888788459289], [26.49862612822665, 37.52720412149598]]], [[[26.374271739860443, 37.71033578757742], [26.3826727535863, 37.70373515693003], [26.388530126568938, 37.69178893558693], [26.38860378889954, 37.681105306501905], [26.382911700473954, 37.66907945301903], [26.336570150911697, 37.61374153869412], [26.24190028719945, 37.54687195068951], [26.1364226949452, 37.529840608732165], [26.061894843091792, 37.492584609811445], [25.972080184810185, 37.48940570509924], [25.959963780844458, 37.49460664150986], [25.951764956702757, 37.504933125291934], [25.944953718853178, 37.53710975034237], [25.95793077903111, 37.564472478219145], [25.992522686613473, 37.59362132110997], [26.023327835901256, 37.63644048574428], [26.061990487718678, 37.661895112193456], [26.075455877898406, 37.66480639374224], [26.193489646872074, 37.65942728804638], [26.24038020836833, 37.67571759561054], [26.26500327917924, 37.69729638432167], [26.274607706365614, 37.70167686524439], [26.358600242028412, 37.712979126996736], [26.374271739860443, 37.71033578757742]]], [[[26.598712690709167, 37.650243490494645], [26.58839343657202, 37.652167903251375], [26.577793810517235, 37.659821692679856], [26.558689801592084, 37.69366312861375], [26.553407556195502, 37.73840332970079], [26.55464321488739, 37.74918690490768], [26.57893519592742, 37.78303076302444], [26.627737539227248, 37.79638988521643], [26.63950186100165, 37.812341836644386], [26.651443290364504, 37.81891870748057], [26.807787406390972, 37.84143495824843], [26.851139453870417, 37.83451994504655], [26.891877861990746, 37.81078462360548], [26.922921538302585, 37.80400857991514], [26.938712279855107, 37.81490947637615], [26.96817757860705, 37.81254426012364], [26.984530348124657, 37.8215702762699], [27.000119156673538, 37.82223215250985], [27.009574359095346, 37.817699142394126], [27.017527803375266, 37.80811980301716], [27.07895249881725, 37.79897052556092], [27.08750178267823, 37.79287514000113], [27.09388908815697, 37.781463854188615], [27.092478251220705, 37.7633867762989], [27.081049391599564, 37.75092353071211], [27.089742929825945, 37.74037294138252], [27.091791100538792, 37.72424169671461], [27.086305543329185, 37.69691211286579], [27.07685505407408, 37.6847896286078], [27.062314648705687, 37.67980535499284], [27.035904344624406, 37.68534274367895], [27.007197552283124, 37.680363764142164], [26.923061597550678, 37.65390197807106], [26.877132527020194, 37.61888974397884], [26.797374, 37.61773066475027], [26.778349048741433, 37.62183545876712], [26.76605288883332, 37.63081393459002], [26.74237000465812, 37.66850349055778], [26.704642682991715, 37.68561774953642], [26.665641232693176, 37.678993174423], [26.648824556896777, 37.670679987807596], [26.64304980604333, 37.660970045730686], [26.632535774874757, 37.653694107800106], [26.612249929728463, 37.654109600952566], [26.598712690709167, 37.650243490494645]]], [[[25.846950025005732, 38.2266700069444], [25.840133499884043, 38.23831534316239], [25.839331309770248, 38.24912223837748], [25.856309723646483, 38.29344463963414], [25.865149180722064, 38.29986042187493], [25.904134114259588, 38.313003131692064], [25.924086303201108, 38.32759624896327], [25.94478239391489, 38.32958833524973], [25.952105044557943, 38.35043185854501], [25.96356423632181, 38.361337862660974], [25.9276783918991, 38.39164642603542], [25.923814187114832, 38.403731489813715], [25.92732192119355, 38.42506613492581], [25.924038861830454, 38.432133719328235], [25.87585779326126, 38.45089475705018], [25.82026305954564, 38.501295485769575], [25.80668891406824, 38.53732384768746], [25.806051800122578, 38.54758551888345], [25.82871715507309, 38.598261868546324], [25.845423571873003, 38.60711572558707], [26.01743790772569, 38.628941267206535], [26.07534823086293, 38.614464870377454], [26.10348707123519, 38.587281455341035], [26.131431711913926, 38.594145589140226], [26.15194928034981, 38.59001092131446], [26.161376999864427, 38.58462273188193], [26.18502768985259, 38.559116145376954], [26.19046630829337, 38.544705618258476], [26.187123893674883, 38.52966998967517], [26.175949680539112, 38.517212705954215], [26.170922401711735, 38.488257515250645], [26.179195208104083, 38.47699924682126], [26.180816188125256, 38.46402544988683], [26.168600751289407, 38.43816039522975], [26.16649365805499, 38.41927696912183], [26.17625679372847, 38.34976757762403], [26.190462098710114, 38.300667139120236], [26.186306811053566, 38.2881481072446], [26.176708031954863, 38.27910067587287], [26.14645088019678, 38.27357203144295], [26.13436496409357, 38.265668061223835], [26.130803774684335, 38.25857149725079], [26.138977416532857, 38.22108166458872], [26.13153480670844, 38.20396260894721], [26.12008145844054, 38.1968707111482], [26.059925309554803, 38.1781433814226], [26.044674002702784, 38.14781671701552], [26.022081428683066, 38.132748114295225], [26.006443199946514, 38.1299815409843], [25.950547847023063, 38.14887138225512], [25.90600883111033, 38.18349689622557], [25.89800094180967, 38.194969016840325], [25.884616728830373, 38.19420714260584], [25.872752021757005, 38.19979516310637], [25.863582378251895, 38.214624983558465], [25.846950025005732, 38.2266700069444]]], [[[26.22525755449199, 38.48956848867041], [26.21474244550801, 38.48956848867041], [26.20502775153558, 38.493592446668096], [26.197592446668093, 38.50102775153558], [26.19356848867041, 38.51074244550801], [26.19356848867041, 38.52125755449199], [26.197592446668093, 38.530972248464415], [26.20502775153558, 38.5384075533319], [26.21474244550801, 38.54243151132959], [26.22525755449199, 38.54243151132959], [26.234972248464416, 38.5384075533319], [26.242407553331905, 38.530972248464415], [26.246431511329586, 38.52125755449199], [26.246431511329586, 38.51074244550801], [26.242407553331905, 38.50102775153558], [26.234972248464416, 38.493592446668096], [26.22525755449199, 38.48956848867041]]], [[[25.815114043314487, 39.22722995465525], [25.817848973715563, 39.239865433888326], [25.829450917429888, 39.252182276167446], [25.83398917070146, 39.27008404022342], [25.839926790449102, 39.27860329272891], [25.86921252060369, 39.292471625113826], [25.907126875889425, 39.321918984573585], [25.917672600154276, 39.323887974373015], [25.928150880885983, 39.32158691939583], [25.94646986454359, 39.30518091798813], [26.004910298871682, 39.31324064861041], [26.020137056473654, 39.311628189751765], [26.02781230967971, 39.322206408756195], [26.039046904088252, 39.32895201143516], [26.052134982704427, 39.32960121491932], [26.064331202965487, 39.32368400512311], [26.08651143826545, 39.33637854482416], [26.142587043714872, 39.34721445325787], [26.13712603035024, 39.38396957710988], [26.142694828651262, 39.39587749298619], [26.155732775306674, 39.40463201624841], [26.370080158004747, 39.40460907352108], [26.379445196815734, 39.3995219443562], [26.38610586157379, 39.39120218594311], [26.38813809961936, 39.37183237026518], [26.430188799193406, 39.354241413670074], [26.44231576820536, 39.34095897187031], [26.444340052930073, 39.32814828022346], [26.4414553768843, 39.31814317330794], [26.4160163461333, 39.285184516075724], [26.43735271262078, 39.26893377761676], [26.48278718987644, 39.250566261778715], [26.52188727701961, 39.20634905689567], [26.55486641885396, 39.18825390967222], [26.56225155593016, 39.18075207481611], [26.56656535483334, 39.16837105002295], [26.564671435603596, 39.155814306529244], [26.572372372523024, 39.14466185720051], [26.584019520774937, 39.1395488889315], [26.59098393204581, 39.1316123225082], [26.594364415605614, 39.12160910093496], [26.593706595083393, 39.104383766632935], [26.60016537635261, 39.09330037256173], [26.63106183791661, 39.06862233931858], [26.637063822219126, 39.05992794905146], [26.639262285672068, 39.04959436322027], [26.635949412787664, 39.01553138372658], [26.629602806765853, 39.00440270721136], [26.60636128427106, 38.986525118614736], [26.59379612964021, 38.98524483399925], [26.57407933524973, 38.99136368031798], [26.570718846334458, 38.97482800095873], [26.556609337973416, 38.96263285545314], [26.493804969499607, 38.9459963133246], [26.42631294952961, 38.94048948038098], [26.33144896812153, 38.95709581217775], [26.26934790925117, 38.98429290613565], [26.15793520327652, 38.99659981718169], [26.06884827761576, 39.06441361135438], [26.057353612833126, 39.064764755515654], [25.948556365764144, 39.09255286049927], [25.87668304024181, 39.120713665290744], [25.820067898774692, 39.15696704237481], [25.81099080175915, 39.16672183171094], [25.80783109379579, 39.17694460351477], [25.809783114785322, 39.19747628855058], [25.82150808949851, 39.21057818208045], [25.815114043314487, 39.22722995465525]], [[26.185679143750953, 39.153921419940204], [26.215943653224603, 39.157781888567406], [26.243759232067045, 39.17635907725402], [26.224799605177246, 39.18024168622477], [26.197442804966272, 39.17628360804318], [26.180812328812806, 39.164831762188925], [26.16961861267142, 39.144034735019645], [26.185679143750953, 39.153921419940204]]]]}}